dataset,BOCPD,CUSUM,MicroWatch,PELT,BOCPDMS_univ,BOCPDMS_multi
apple,,,48;132;174;213;318,9;15;21;27;33;40;46;53;59;65;71;77;88;94;100;106;112;118;124;131;139;145;152;158;164;170;177;183;190;196;202;209;215;221;227;233;240;249;257;263;269;275;286;293;299;305;311;319;325;331;340;348;359;366;376;384;390;396;403;409;415;423;433;442;449;458;466;472;480;488;494;502;508;515;523;530;537;543;553;562;568;574;580;586;592;598;605;611,,25;26;27;28;29;30;31;32;33;35;36;37;38;39;40;41;42;43;44;45;46;47;48;49;50;51;52;53;54;55;56;57;58;59;60;61;62;63;64;65;66;67;68;69;70;71;72;73;74;75;76;77;78;79;80;81;82;83;84;85;86;87;88;89;90;91;92;110;111;112;113;114;115;116;117;118;119;120;121;122;123;124;125;126;127;128;129;130;131;132;133;134;140;141;142;143;144;145;146;147;148;149;150;151;152;153;154;155;156;157;158;159;174;176;177;178;179;180;181;182;183;184;185;186;187;188;189;190;191;192;193;194;195;196;197;198;199;200;201;202;203;204;205;206;207;208;209;210;211;212;213;214;215;219;220;221;222;223;224;225;226;227;228;229;230;231;232;233;236;237;238;239;240;241;242;243;244;245;246;247;248;249;250;251;252;253;254;255;256;257;258;259;260;261;262;263;264;265;266;267;268;269;270;271;280;281;282;283;284;285;286;287;288;289;290;292;293;294;295;296;297;298;299;300;301;302;303;304;305;306;307;308;309;310;311;312;313;314;315;316;317;318;319;320;321;322;323;324;325;326;327;328;329;330;331;332;333;334;335;336;337;338;339;340;343;344;346;347;348;349;350;351;352;353;354;355;356;357;358;359;360;361;362;363;364;365;366;367;368;369;370;371;372;373;374;375;376;377;378;379;380;381;382;383;384;385;386;387;392;393;394;395;396;397;407;420;421;424;425;426;432;437;441;449;450;451;452;453;454;455;456;457;458;459;460;461;462;463;464;465;466;467;468;469;470;471;472;473;474;475;476;477;478;479;480;481;482;483;484;485;486;487;488;491;492;493;494;495;496;497;498;499;500;507;508;509;511;512;513;514;515;516;517;518;519;520;521;522;523;524;525;526;527;528;529;530;531;536;537;538;539;540;541;542;543;544;545;546;547;548;549;550;551;552;553;554;555;556;560;561;562;563;564;565;566;567;568;569;570;571;572;573;575;576;577;578;579;580;581;582;583;584;585;586;587;588;589;590;591;592;593;594;595;596;597;598;599;600;601
bank,0,333,48;81;126;168;201;234;279;315;348;381;414;474;507;552,,20;21;24;25;26;27;28;29;30;34;35;36;37;38;39;40;41;42;43;44;45;46;47;48;49;52;53;54;55;56;57;58;59;60;61;68;69;70;71;72;73;74;75;76;77;78;80;81;82;83;84;85;86;87;88;89;93;94;95;96;97;98;99;100;101;102;103;104;105;106;107;108;109;112;113;114;115;116;117;118;119;120;121;122;125;126;127;128;129;130;131;132;133;134;135;136;137;138;139;140;141;143;144;145;146;147;148;149;150;151;152;153;154;155;156;157;158;159;160;163;164;165;166;167;168;169;170;171;172;173;183;184;185;186;187;188;189;191;192;193;194;195;196;197;203;204;205;206;207;208;209;210;211;212;213;214;216;217;218;219;220;221;222;223;224;225;226;227;228;229;230;231;232;233;234;235;236;237;238;239;240;241;242;243;244;245;246;252;253;254;255;256;257;258;259;265;266;267;268;269;270;271;272;273;274;275;283;284;285;286;287;288;289;290;291;292;293;294;295;296;297;302;303;304;305;306;307;308;309;310;311;312;313;314;315;316;317;321;322;323;324;325;326;327;328;329;330;331;332;333;334;335;341;342;343;344;345;346;347;348;349;350;351;352;353;354;355;356;357;367;368;369;370;371;372;373;374;375;376;377;378;379;380;381;382;383;384;385;386;387;388;389;390;391;392;393;394;397;398;399;400;401;402;403;404;405;406;407;408;409;410;411;412;413;414;415;416;418;419;420;421;422;423;424;425;438;439;440;441;442;443;445;446;447;448;449;450;451;452;453;454;455;456;462;463;464;465;466;467;468;469;470;471;472;473;474;475;476;478;479;480;481;482;483;484;485;486;487;488;489;490;491;492;493;494;495;496;498;499;500;501;502;503;504;505;506;508;509;510;511;512;513;514;515;519;520;521;522;523;524;525;526;527;528;529;530;531;532;533;534;535;538;539;540;541;542;543;544;545;546;547;548;549;557;558;559;560,
bee_waggle_6,,,33;66;99;135;168;201;234;267;300;336;369;417;450;486;525;558;591,20;47;57;102;108;127;137;156;180;187;213;219;263;271;290;298;344;364;373;418;426;443;457;499;522;569;579;602,,21;22;23;24;25;26;27;28;29;30;31;35;36;37;38;39;40;41;42;43;44;45;46;47;49;50;51;52;53;54;55;56;57;58;59;60;61;62;63;64;65;66;67;68;69;70;71;72;85;86;87;88;89;90;91;92;93;94;95;96;97;98;99;100;101;102;103;104;106;107;108;109;110;111;112;113;114;115;116;117;118;119;120;125;126;127;128;131;132;133;134;135;136;137;138;139;140;141;142;143;144;145;149;150;151;152;153;154;155;156;157;158;159;160;161;162;163;164;165;166;167;168;169;170;171;172;173;174;175;176;177;178;179;180;181;182;185;186;187;188;189;190;191;192;193;194;195;196;197;198;201;202;203;204;205;206;207;208;209;210;211;212;213;214;215;217;218;219;220;221;222;223;224;225;226;227;228;229;230;231;232;233;234;235;236;237;246;247;248;249;250;251;252;253;254;255;256;257;258;259;260;261;262;263;264;265;266;267;268;270;271;272;273;274;275;276;290;293;294;295;296;297;298;299;300;301;302;303;304;305;306;307;308;309;310;311;312;313;314;317;318;319;325;326;327;328;329;330;331;332;333;334;335;336;337;338;339;340;341;342;343;355;356;357;358;359;360;361;362;363;364;365;366;369;370;371;372;373;374;375;376;377;378;379;380;381;382;383;384;385;386;387;388;389;390;391;392;393;394;395;396;397;400;401;402;403;404;405;406;407;408;409;410;411;412;413;414;415;416;417;418;419;420;423;424;425;426;427;428;429;430;431;432;433;441;442;443;444;445;446;450;451;452;453;454;455;456;457;458;459;460;461;462;463;464;465;466;467;468;469;479;480;481;482;483;484;485;486;487;488;489;490;491;492;493;494;495;496;497;498;502;503;516;517;518;519;520;523;524;525;526;527;528;529;530;531;532;533;534;535;536;537;538;539;540;541;542;543;544;545;546;547;548;549;550;553;554;555;556;557;558;559;560;561;562;563;564;565;566;567;568;569;570;571;572;573;578;579;580;581;582;583;587;588
bitcoin,0,311;605,84;198;231;291;327;390;450;483;516;549;582;618;651;702;747,15;27;38;47;56;66;76;85;94;103;112;122;137;146;156;165;174;183;195;204;213;225;234;249;258;267;284;293;306;323;332;344;356;367;376;388;397;406;423;434;443;452;461;470;482;491;506;515;524;539;548;558;568;578;587;600;610;619;631;640;649;660;669;678;694;703;720;733;747;760,20;21;22;23;24;25;26;27;28;29;30;31;32;33;34;35;36;37;38;39;40;41;42;43;44;50;51;52;53;54;55;56;63;65;66;67;68;69;70;71;72;73;74;75;76;77;78;79;80;81;82;83;84;85;86;87;88;89;90;91;92;93;96;97;98;99;100;101;102;103;104;105;106;107;108;109;110;111;112;113;114;115;116;117;123;128;129;130;131;132;133;134;135;136;137;138;139;155;156;157;158;159;160;161;162;163;164;165;166;167;168;169;170;171;172;175;176;177;178;179;180;181;182;183;184;185;186;187;193;194;195;196;197;198;199;200;201;202;203;204;205;206;207;208;209;210;211;212;215;216;217;218;219;220;221;222;223;224;225;226;227;228;229;232;233;234;235;236;237;238;239;240;241;242;243;244;245;246;247;248;249;250;253;254;255;256;257;258;259;260;261;262;263;264;265;266;267;268;269;270;271;272;273;275;276;277;278;279;280;281;282;283;284;285;286;287;288;289;290;291;292;293;294;295;296;301;302;303;304;305;306;307;308;309;310;313;314;315;316;317;318;319;320;321;322;323;324;325;326;327;328;329;330;331;332;337;338;339;340;341;342;343;344;345;346;347;348;349;350;351;352;353;354;355;356;357;358;359;360;361;362;363;364;365;366;367;368;369;370;371;372;373;374;383;384;385;386;387;388;389;390;391;392;393;394;395;396;397;398;399;400;401;402;403;404;407;408;409;410;411;412;413;414;415;416;417;418;419;420;421;422;423;424;425;426;427;428;429;430;431;432;433;438;439;440;441;442;443;444;445;446;447;448;449;450;451;452;453;454;455;456;457;458;459;460;461;462;463;464;465;466;467;468;469;470;471;472;473;474;475;476;477;478;479;480;481;482;483;484;497;498;499;500;501;502;503;504;505;506;507;508;509;510;511;512;513;514;515;516;517;518;522;523;524;525;526;527;528;532;533;534;535;536;537;538;539;540;541;542;543;544;545;546;547;558;559;560;561;562;563;564;565;566;567;568;569;570;571;572;573;574;575;576;577;578;579;580;581;582;583;584;585;586;587;591;592;593;594;595;596;597;598;599;600;601;602;603;604;605;606;607;608;609;610;611;612;613;614;615;616;617;618;619;620;621;622;623;624;625;626;627;628;629;630;631;632;633;634;640;641;642;643;644;645;646;647;650;651;652;653;654;655;656;657;658;665;666;667;668;669;670;671;672;673;674;675;676;677;678;679;680;681;682;683;685;686;687;688;689;690;691;692;693;694;695;696;697;698;699;700;701;702;704;705;706;707;708;709;710;711;712;713;714;715;716;717;718;719;720;721;722;723;724;729;730;731;732;733;734;735;736;737;738;739;740;741;742;743;744;745;746;747;748;749;750;751;752;753,
brent_spot,0;225;226;227,46;97;144;192;243;290;339;386;436,39;75;108;141;174;207;285;318;369;402;435;468,8;16;24;45;56;67;76;84;92;102;110;118;132;141;153;161;172;185;193;201;212;224;232;240;250;259;276;284;295;306;314;322;335;343;356;371;379;388;396;405;413;422;430;440;448;456;465;480;488,22;23;24;25;26;27;43;44;45;46;47;52;53;54;55;56;57;58;59;60;74;75;76;77;78;81;82;83;84;85;86;87;88;89;90;91;94;95;98;99;100;101;102;103;104;105;106;107;108;109;110;111;112;113;114;115;116;117;118;125;126;127;128;129;130;131;132;141;142;145;146;147;148;158;159;160;161;162;163;164;165;166;167;170;171;175;179;180;182;183;184;185;186;187;188;189;190;191;192;193;194;195;196;197;198;199;200;201;202;203;204;205;206;207;208;209;210;211;212;213;214;215;216;217;218;219;220;221;224;225;226;227;228;229;230;231;232;233;234;235;236;237;238;239;240;241;242;243;244;245;246;247;248;249;250;251;252;253;254;255;256;257;258;259;262;263;264;265;266;267;268;269;270;271;272;273;274;275;276;277;278;279;280;281;284;285;286;287;288;289;290;291;292;293;294;295;296;297;298;302;303;304;305;306;307;308;309;310;311;318;319;320;321;322;323;324;325;326;327;328;329;330;331;332;333;334;335;336;337;340;341;342;343;344;345;346;347;348;349;350;351;352;353;356;357;358;359;360;361;362;363;364;365;366;367;368;369;370;371;372;373;374;375;376;378;379;380;381;382;383;384;385;386;387;388;389;390;391;392;393;394;395;396;397;406;407;408;409;410;411;412;413;414;415;416;417;418;419;420;421;422;423;424;425;426;427;428;429;430;437;438;439;440;441;442;443;444;445;446;447;448;449;450;451;452;453;454;459;460;461;462;463;472;473;474;475;476;477,
businv,0,212,33;66;99;147;180;213;246;279;312,2;4;6;9;11;13;15;17;19;21;23;25;27;29;31;33;35;37;39;41;43;45;47;49;51;53;55;57;59;61;63;65;67;69;71;73;75;77;79;81;83;85;87;89;91;93;95;97;99;103;105;107;109;111;113;115;117;119;121;123;125;127;129;131;133;136;138;141;143;145;147;149;151;153;155;157;159;161;163;165;167;169;171;173;175;177;179;181;183;185;187;189;191;193;195;198;201;203;205;207;209;211;213;215;217;219;222;225;227;229;231;234;237;239;241;243;246;249;251;253;256;259;261;263;265;267;269;271;273;275;277;279;281;283;285;287;290;293;295;297;299;301;304;307;309;311;313;315;317;319;321;323;325;327,20;21;22;23;24;25;26;27;28;29;30;31;32;33;36;37;38;39;40;41;42;43;44;45;46;47;48;49;50;51;52;57;58;62;63;64;65;66;67;68;69;77;78;79;80;81;82;83;84;85;86;87;88;89;90;91;92;93;96;97;98;99;120;121;122;123;124;125;126;127;128;129;130;131;134;135;136;137;138;139;140;141;142;143;144;145;146;147;148;149;150;151;152;153;154;179;180;181;182;183;184;189;190;191;192;193;194;195;196;197;198;199;200;201;202;212;213;214;217;223;224;225;226;227;233;234;235;236;237;238;239;240;241;242;243;244;245;246;247;248;249;250;251;252;253;262;263;264;265;266;267;268;269;270;271;272;273;274;275;276;277;278;279;280;281;282;283;287;288;291;292;293;294;295;296;297;298;299;300;301;302;303;304;305;306;307;308;309,
centralia,0,12,,8,,
children_per_woman,0;115;152;172;173,159,33;66;99;132;171;204;237;270,115;188,20;21;22;23;24;25;29;30;31;32;33;34;35;38;39;40;41;42;43;44;45;46;47;48;49;50;51;52;53;54;55;61;62;63;64;65;66;67;68;69;70;71;72;73;74;75;76;77;78;79;80;81;82;83;84;85;86;87;88;89;90;91;92;93;94;95;96;97;98;99;100;101;102;103;104;105;106;107;108;109;110;111;112;113;114;115;144;145;146;147;148;149;150;151;152;153;154;155;156;157;158;159;160;161;162;163;164;165;166;167;168;169;170;171;172;173;174;180;181;182;183;184;185;186;187;188;189;190;191;192;193;194;195;196;197;198;199;200;201;202;203;204;205;206;207;208;209;210;211;212;213;214;215;216;217;218;219;220;221;222;223;224;225;226;227;228;229;230;231;232;233;234;235;236;237;238;239;240;241;242;243;244;245;246;247;248;249;250;251;252;253;254;255;256;257;258;259;260;261;262;263;264;265;266;267;268;269;270;271;272;273;274;275;276;277;278;279;280,
co2_canada,0;80;142;164;165,12;25;38;51;63;77;91;104;117;132;145;159;172;186;200;212,33;66;99;141;174;210,63;80;88;99;105;111;131;140;164;170;176;182;190;197;209,20;21;22;23;27;28;29;30;31;32;33;34;35;36;37;38;39;40;41;42;43;44;45;46;47;48;49;50;51;52;53;54;55;56;57;58;59;60;61;62;63;64;65;66;67;68;69;70;71;72;73;74;75;76;77;78;79;80;81;82;83;84;85;86;87;88;89;90;91;92;93;94;95;96;97;98;99;100;101;102;103;104;105;106;109;110;111;112;113;114;115;116;117;118;119;120;121;122;123;127;128;129;130;131;132;133;134;135;139;140;141;142;143;144;145;146;147;148;149;150;154;155;156;157;158;159;160;161;162;163;164;165;166;167;169;170;171;172;173;174;175;176;177;178;179;180;181;182;183;184;185;186;187;188,
construction,0;191,292,39;75;108;141;177;210;243;279;312,2;4;6;8;11;14;16;19;21;23;26;28;30;32;35;38;40;43;45;47;50;52;54;59;62;64;66;68;71;74;76;78;80;83;86;88;91;93;95;98;100;102;104;107;110;112;114;116;119;122;124;126;128;130;132;134;136;138;140;143;146;148;150;152;155;158;160;162;164;166;168;170;172;174;176;178;180;182;184;186;188;190;192;194;197;200;202;204;206;208;210;212;214;216;218;220;223;226;228;230;232;234;236;238;240;242;244;246;248;250;252;254;256;258;260;262;264;266;268;270;272;274;276;278;280;282;284;286;288;290;292;294;296;299;302;304;307;309;311;314;316,24;25;34;35;36;37;47;48;49;58;59;60;61;84;96;108;118;119;120;121;122;123;124;125;126;129;130;131;132;133;134;135;136;147;152;153;167;174;175;176;177;178;185;186;187;191;192;193;194;195;196;197;198;199;200;201;202;203;204;205;206;207;208;209;210;227;228;229;230;231;238;239;240;241;242;251;252;253;254;255;262;263;264;265;266;267;279;280;281;282;283;284;285;298,
debt_ireland,0;10;15,11,,,,
gdp_argentina,0,29;58,33,9;17;26;34;47,24;25;26;27;28;29;30;31;32;33;34;35;36;37;38,
gdp_croatia,0,12,,,,
gdp_iran,0,11;25;38;51,33,,20;21;22;23;24;25;28;29;30;31;32;33;34;35;36;37,
gdp_japan,0,33,33,2;4;6;8;10;12;14;16;18;20;22;24;26;28;30;32;34;36;39;42;44;46;49;51;53;55,20;21;24;25;26;27;28;29;30;31;32;33;34;35;36;37,
global_co2,0,49;100,39;72,45;55;66;72;77;80;85;91;94;96;98;100;102,20;21;22;24;25;26;27;28;29;30;31;32;33;34;35;36;37;38;39;40;41;42;43;44;45;46;47;48;49;50;51;52;53;54;55;56;57;58;59;60;61;62;63;64;65;66;67;68;69;70;71;72;73;74;75;76;77;78;79;80;81;82;83,
homeruns,0;18;19;60,66,33;66;99,2;4;6;9;11;13;16;18;20;22;24;26;28;31;33;35;37;39;41;43;45;47;49;51;54;56;58;60;62;64;66;68;70;72;74;76;78;81;84;87;90;92;95;98;100;102;104;106;109;111;113;115,20;21;22;28;29;30;31;32;33;34;38;39;40;41;42;43;44;45;46;47;48;49;50;51;52;53;54;55;56;57;58;59;66;67;68;69;70;71;72;73;74;75;76;77;78;79;80;87;89;90;91;92;93;94;95;96;97,
iceland_tourism,0,185,42;78;114;147;186,2;4;6;8;10;13;15;18;20;22;24;26;28;30;32;34;37;39;42;44;46;48;50;52;54;56;58;60;62;64;66;68;70;72;74;76;78;80;82;84;86;88;90;92;94;96;98;100;102;104;106;108;110;112;114;116;118;120;122;125;128;130;132;134;137;140;142;144;146;149;152;154;157;159;161;164;166;168;170;173;176;178;181;183;185;188;190;193;195;197,28;29;30;40;41;42;48;51;52;53;54;64;65;66;76;77;78;88;89;90;96;99;100;101;102;108;109;111;112;113;114;120;124;125;126;132;133;134;135;136;137;138;143;144;145;146;147;148;149;150;151;155;156;157;158;159;160;161;164;165;176,
jfk_passengers,0,323,42;78;114;150;186;222;258;294;327;360;396;432,16;29;44;54;68;78;88;104;114;124;140;150;165;182;192;209;221;236;246;260;270;280;296;306;317;327;338;353;363;380;390;400;412;428;438;448;458,24;25;27;28;29;30;32;33;44;45;46;47;50;64;65;66;76;77;78;92;93;94;104;105;114;124;125;126;140;141;146;160;161;162;182;188;189;190;208;209;210;224;225;236;237;242;248;249;279;280;281;282;283;286;287;288;289;290;291;292;293;294;295;298;299;300;301;302;303;304;305;306;307;308;309;310;311;323;324;325;332;333;347;348;349;378;404;420;431;432;433;443;444;445,
lga_passengers,0,322,51;84;117;150;189;228;261;294;327;360;396;432,14;26;35;51;60;74;87;96;110;122;131;143;158;167;182;191;206;216;230;242;254;266;278;287;296;305;316;327;338;347;356;368;380;389;398;407;422;434;444;459,29;30;31;32;33;50;51;66;70;71;72;73;81;82;83;84;85;95;96;105;106;107;108;109;123;124;125;126;127;128;129;135;136;137;138;139;140;141;146;147;150;151;152;153;154;155;156;157;158;159;160;161;162;163;170;171;172;173;174;175;176;177;178;179;180;181;182;183;186;191;192;206;207;208;226;227;228;230;231;232;249;250;251;252;253;261;262;263;264;273;274;275;276;277;278;279;280;281;282;283;284;285;286;287;288;289;290;291;292;293;294;295;296;297;298;299;300;301;302;303;304;305;306;307;308;309;310;311;312;313;314;315;316;317;322;323;324;347;348;365;366;367;398;404;408;418;419;420;431;432;433;442;443;444;445,
measles,0,159;329;485;661;867,33;81;114;147;180;249;282;360;393;468;501;534;567;600;672;705;774;807;879;912;960,2;4;6;8;10;12;14;16;18;21;23;25;28;30;32;34;36;38;40;42;44;46;48;51;53;55;57;59;61;63;66;68;70;72;74;76;78;80;82;84;86;88;90;92;94;97;99;101;104;106;108;110;113;115;118;120;123;125;127;129;131;133;135;137;139;141;143;145;147;149;152;155;157;159;161;163;165;167;170;172;174;177;179;181;183;185;187;189;191;193;195;197;199;201;203;205;208;210;213;215;217;219;221;223;225;227;229;231;233;235;237;240;242;244;247;249;251;253;255;257;260;262;264;266;269;271;273;276;278;281;283;285;287;289;291;293;295;297;300;302;304;306;308;310;312;314;316;318;321;323;325;327;330;332;334;336;338;340;343;345;348;350;352;354;356;358;360;362;364;366;368;370;372;375;377;379;381;384;386;388;390;392;394;396;398;400;402;404;406;409;412;414;418;420;422;425;427;430;432;435;437;439;442;444;446;448;450;452;454;456;458;460;463;465;467;469;471;473;475;477;480;482;484;487;489;491;494;496;498;500;502;504;506;508;510;512;515;517;519;521;523;525;527;529;531;535;537;540;542;545;548;550;552;554;556;558;560;562;564;566;569;571;573;575;577;579;582;584;586;588;590;592;595;597;600;602;604;606;608;610;612;614;617;620;623;625;627;630;632;634;636;638;641;643;646;648;650;653;656;658;660;663;665;667;669;671;673;675;678;680;683;685;687;691;693;695;697;700;702;704;706;708;710;712;714;716;718;720;722;724;727;730;732;734;736;739;741;743;745;748;750;752;754;756;758;760;763;765;768;770;772;774;776;778;780;782;784;787;790;792;794;797;799;801;803;806;808;811;813;815;817;819;821;823;825;827;830;832;834;836;839;841;843;846;849;851;853;855;857;859;861;863;865;867;869;871;873;875;877;880;882;884;886;888;891;893;896;898;901;904;906;908;911;913;916;918;920;922;924;926;928;931;933;935;937;939;941;943;945;948;951;953;955;957;959;961;964;966;969;972;974;977;979;981;983;985;987;989,20;24;25;26;27;28;29;30;31;32;33;34;40;41;42;43;44;45;46;47;48;49;50;51;52;56;57;74;75;76;77;78;79;80;81;82;83;84;85;86;87;88;89;90;91;92;93;94;95;98;99;100;101;102;103;104;105;106;107;108;109;110;111;112;113;114;122;123;124;125;132;133;134;135;136;137;138;139;140;141;142;143;144;145;146;147;148;149;150;151;152;163;164;165;166;167;168;178;179;180;181;182;183;184;185;186;187;188;189;190;191;192;193;194;195;196;197;198;199;200;201;204;205;206;207;208;209;210;211;212;213;216;217;218;219;220;221;222;223;224;230;231;232;233;234;235;236;237;238;239;240;241;242;243;244;245;246;247;248;249;250;251;252;253;254;255;256;257;258;259;260;275;276;277;278;279;280;281;282;283;284;285;286;287;288;289;290;291;292;293;294;295;296;297;298;299;300;301;302;303;304;305;306;307;308;309;310;313;314;315;316;317;318;319;330;331;332;333;334;335;336;337;338;339;340;341;342;343;344;345;346;347;348;349;350;351;352;353;354;355;356;357;358;359;360;361;362;363;364;365;366;367;368;369;370;374;375;376;377;378;379;380;381;387;388;389;390;391;394;395;396;397;398;399;400;401;402;403;404;405;406;407;408;409;410;411;412;413;414;415;416;417;418;419;420;421;426;427;428;429;430;431;432;433;434;435;436;437;438;439;440;441;442;443;444;445;446;447;448;449;450;451;452;453;454;455;456;457;458;459;460;461;462;463;464;465;466;467;468;469;470;471;472;473;475;476;477;478;479;480;481;482;483;489;490;491;492;493;494;495;496;498;499;500;501;502;503;504;505;506;507;508;509;510;511;512;513;514;515;516;517;518;519;520;521;524;537;538;539;540;541;542;543;544;545;546;547;548;549;550;551;552;553;554;555;556;557;558;559;560;561;562;563;564;565;566;567;568;569;570;571;572;573;580;581;582;583;584;585;587;588;593;598;599;600;601;602;603;604;605;606;607;608;609;610;611;612;613;614;615;616;617;618;619;620;621;622;623;624;625;627;628;629;630;631;632;637;638;639;640;646;647;648;649;650;651;652;653;654;655;656;657;658;659;660;661;662;663;664;665;666;667;668;669;670;671;672;673;674;675;676;677;678;679;680;681;682;683;684;690;691;692;693;694;695;696;697;698;699;700;701;702;703;704;705;706;707;708;709;710;711;712;713;714;715;716;717;718;719;720;721;722;723;724;725;726;727;728;729;730;731;733;734;735;736;737;738;739;740;741;742;743;744;745;746;747;748;749;750;751;752;753;754;755;756;757;758;759;760;761;762;763;764;765;766;767;768;769;770;771;772;773;774;775;776;777;778;779;782;783;784;785;786;787;788;789;790;791;792;793;794;798;799;800;801;802;803;804;805;806;807;811;812;813;814;815;816;817;818;819;820;821;822;823;824;825;826;827;828;829;830;831;832;833;834;840;841;842;843;844;851;852;853;854;855;856;857;858;859;860;861;862;863;864;865;866;867;868;869;870;871;872;873;874;875;876;877;878;879;880;881;882;883;884;885;886;891;896;897;898;899;900;901;902;903;904;905;906;907;908;909;910;911;912;913;914;915;916;917;918;919;920;921;922;923;924;925;926;927;928;929;930;931;932;933;934;935;936;937;938;939;940;941;943;944;945;946;947;948;949;950;951;952;953;954;955;956;957;958;959;960;961;962;963;964;965;966;967;968;969;970,
nile,0,,33;69,,20;21;22;23;24;27;37;38;39;40;41;42;43;44;45;46;47;48;49;50;51;52;53;54;55;56;57;58;59;60;61;62;67,
occupancy,,,51;90;141;180;243;276;312;345;414;447,6;12;23;52;58;67;73;79;85;91;97;103;119;142;148;154;162;168;174;181;187;193;235;241;248;254;260;266;325;341;347;353;381;416;422;432;438;444;451;457;463;469;475;481;503,,20;21;22;23;24;25;26;27;28;29;30;31;32;33;34;35;36;37;38;39;40;41;42;43;44;45;46;47;48;49;50;51;52;53;54;56;57;58;59;60;61;62;63;64;65;66;67;68;69;70;71;74;75;76;77;78;79;80;81;82;83;84;85;86;87;88;89;90;91;92;93;94;95;96;97;98;99;100;101;102;103;104;105;106;107;108;109;110;111;112;113;114;115;116;117;118;119;120;121;122;123;124;125;126;127;128;129;130;131;132;133;134;135;136;137;138;139;140;141;142;143;145;146;147;148;149;150;151;152;153;154;155;156;157;158;159;160;161;164;165;166;167;168;169;170;171;172;173;174;175;176;177;178;179;180;181;182;183;184;185;186;187;188;189;190;191;192;193;194;195;196;197;198;199;200;201;202;203;204;205;206;207;208;209;212;213;214;215;216;217;218;219;220;221;222;223;224;225;226;227;228;229;230;231;232;233;234;235;236;237;238;239;240;241;242;248;249;250;251;252;253;254;255;256;257;258;259;260;261;262;263;264;265;266;267;268;269;270;271;272;273;274;275;276;277;278;279;280;281;282;283;284;285;286;287;288;289;290;291;292;295;296;297;298;299;300;301;302;303;304;305;306;307;308;309;310;311;312;313;314;315;316;317;318;319;320;321;322;323;324;325;326;327;328;329;330;331;332;333;334;335;336;337;338;339;340;341;344;345;346;347;348;349;350;351;352;353;354;355;356;357;358;359;360;361;362;363;364;365;366;367;368;369;370;371;372;373;379;380;381;382;383;384;385;386;387;388;389;390;391;392;393;394;395;396;397;398;399;400;401;402;403;404;405;406;407;408;409;410;411;412;413;414;415;416;417;418;420;421;422;423;424;425;426;427;428;429;430;431;432;433;434;436;437;438;439;440;441;442;443;444;445;446;447;448;449;450;453;454;455;456;457;458;459;460;461;462;463;464;465;466;467;468;469;470;471;472;473;474;475;476;477;478;479;480;481;482;483;484;485;486;487;488
ozone,0;34,,36,,21;22;23;24;25;26;27;28;29;30;31,
quality_control_1,0;146,111;218,33;66;99;132;165;198;231;264;297,78;81;108;116;144;179;233,20;21;22;23;24;31;33;34;35;36;37;38;39;40;41;42;43;44;45;46;47;48;49;50;55;56;57;58;59;60;61;62;63;64;65;66;67;68;69;70;74;75;76;77;78;88;103;107;108;112;113;114;117;118;119;120;121;122;123;124;129;130;131;132;133;134;135;136;137;138;139;140;141;146;147;148;149;150;151;152;153;154;155;156;157;158;159;160;161;162;192;193;194;195;229;236;269;271;272;273;274;275;276;277;278;279,
quality_control_2,0;98,169,33;66;99;132;168;204;237;270,3;23;34;37;43;56;60;62;64;80;83;87;98;101;106;108;120;131;133;139;141;152;155;170;177;180;214;223;225;229;240;244;257;259;261;265;273,20;21;22;23;24;25;26;27;28;29;38;39;40;41;42;43;44;45;46;47;48;49;50;51;52;53;59;60;61;62;63;64;65;66;67;68;69;70;71;72;73;80;84;85;86;87;88;95;100;101;102;103;104;105;106;107;108;109;110;121;122;123;124;125;126;128;136;137;138;139;140;141;142;143;144;145;146;147;148;149;158;159;160;161;162;163;164;165;166;167;168;169;178;179;180;181;182;183;184;185;186;187;188;189;190;194;195;196;249;250;251,
quality_control_3,0;181,180,33;78;117;150;183;216;249;282;321;357,18;21;28;42;44;51;62;70;80;88;107;113;122;128;140;147;159;164;166;179;187;197;199;204;209;223;229;234;236;239;241;245;255;257;260;266;270;275;277;283;285;291;293;298;301;306;308;311;313;315;319;323;326;328;335;337;347;349;353;355;358;363,23;24;25;26;27;28;29;30;31;32;33;34;39;40;41;42;43;44;45;46;47;48;49;50;51;52;53;54;58;59;60;63;64;65;66;70;71;84;85;86;87;88;89;90;91;92;93;94;95;96;97;98;118;120;121;122;123;124;138;139;140;141;142;143;144;160;161;162;163;164;165;166;167;168;169;170;171;172;173;174;175;176;177;178;179;183;184;185;186;192;193;203;204;206;216;217;218;219;220;221;222;223;224;225;226;227;228;229;230;231;232;233;234;237;243;244;245;246;270;290;292;293;298;299;300;301;302;303;304;305;306;307;308;309;310;311;318;319;320;321;323;324;325;326;327;328;329;330;331;332;333;334;335;344;345,
quality_control_4,0,330,33;69;102;138;177;210;243;288;321;357;390;423;456;489,176;288;342;468,35;36;37;38;39;40;41;91;107;108;109;110;111;112;113;114;115;116;117;118;119;120;121;122;123;130;131;133;134;135;136;137;138;139;140;141;142;143;144;145;146;147;148;149;150;151;152;172;176;196;204;205;206;207;208;209;210;211;212;213;231;233;234;235;236;237;238;239;288;289;290;291;292;293;294;299;307;308;309;310;311;312;313;323;324;325;326;327;328;329;330;331;332;333;334;335;336;343;344;345;346;347;348;349;350;351;352;353;354;355;356;357;358;361;362;381;382;414;416;417;418;419;420;422;444;445;446;447;448;449;455;456;457;458;459;460;461;462;463;464;465;467,
quality_control_5,0,125;209;322,33;66;99;132;165;198;231;270;309,27;30;36;45;47;51;53;59;61;65;73;79;82;124;130;144;146;148;152;167;169;181;198;202;204;207;227;230;243;260;275;279;285;287;290;302;321;323,41;42;43;44;45;46;48;49;50;51;61;62;63;64;65;66;68;69;70;71;72;73;77;78;79;80;118;119;120;121;122;123;124;125;126;127;129;130;131;132;133;134;135;150;152;153;154;155;160;161;168;169;188;189;190;194;195;196;204;205;206;207;208;211;212;249;250;251;256;257;258;267;268;269;270;271;272;273;274;275;276;277;278;287;288;289;290;291;292;293;294;295;296;302,
rail_lines,0,,33,,,
ratner_stock,0;205;272,299,33;66;99;135;171;204;240;273;306;339;381;414;447;480;513;549;582,6;11;17;35;42;47;52;61;69;74;82;87;92;99;104;112;118;124;134;140;152;157;166;171;176;185;195;200;205;213;219;224;231;236;242;247;253;258;265;272;281;286;292;297;305;329;352;363;404;429;436;453;462;474;488;495;508;525;553;577,20;21;22;23;28;29;30;31;32;33;34;35;36;37;38;42;43;44;45;46;47;48;49;50;51;52;53;54;55;56;57;58;59;60;61;62;64;65;66;67;68;69;70;71;72;73;74;75;76;77;78;79;80;81;82;84;85;86;87;88;89;90;91;92;93;94;95;96;97;124;125;132;133;134;135;136;137;138;140;141;142;143;144;145;146;147;148;149;150;151;152;153;154;155;156;157;158;159;162;163;164;165;166;167;168;169;170;171;172;173;174;175;176;177;178;179;180;181;182;183;184;189;190;191;192;193;194;195;196;197;198;199;200;201;202;203;204;205;206;215;216;217;218;219;220;221;222;223;224;225;226;227;245;246;247;248;249;250;251;252;253;255;256;257;258;259;260;261;262;263;264;265;266;267;268;269;270;271;272;273;274;279;280;281;282;283;284;285;286;287;288;289;290;291;292;293;294;295;296;297;298;299;300;301;302;303;304;305;306;307;308;309;310;311;312;313;314;315;316;320;328;329;330;331;332;333;334;335;336;337;338;339;340;341;342;348;349;350;351;352;353;354;355;356;357;358;359;360;363;364;365;368;369;370;371;372;373;374;375;376;377;378;379;380;381;382;383;385;386;387;388;389;390;391;392;393;394;395;396;397;398;399;400;401;402;403;404;406;407;408;409;410;411;412;413;414;415;416;417;418;419;420;421;422;425;426;427;428;429;430;431;434;435;436;439;447;448;449;450;451;452;453;454;455;456;457;458;463;464;465;466;467;468;469;470;471;472;473;474;475;476;477;478;479;485;486;487;488;489;490;491;492;493;502;503;504;505;506;507;508;509;510;515;516;517;518;519;520;521;522;528;529;530;531;532;533;534;535;536;537;538;539;540;541;542;543;549;550;551;564;565;566;575;576;577;578;579,
robocalls,0,,33,,23;24;25;26;27;28;29;30;31,
run_log,,,33;66;99;132;165;198;231;264;297;330;363,8;15;22;29;35;41;47;53;59;65;71;77;83;89;95;101;107;113;119;125;131;137;143;149;155;161;167;173;179;185;192;199;205;211;217;223;229;235;241;248;256;262;268;274;280;286;292;298;304;310;316;322;328;334;340;346;352;358;364;370,,50;51;52;53;54;55;56;57;58;59;60;61;62;63;64;65;66;67;68;69;90;91;92;93;94;95;96;97;98;99;100;101;102;103;104;105;111;112;113;114;115;116;117;118;119;120;121;122;123;124;125;126;127;128;165;166;167;168;169;170;171;172;173;174;175;176;177;178;179;180;181;182;183;184;185;186;187;188;194;195;196;197;198;199;200;201;202;203;204;205;206;207;208;209;210;211;212;213;214;215;216;227;228;229;230;231;232;233;234;235;236;237;238;239;240;241;242;243;244;245;246;252;253;254;255;256;257;258;259;260;261;262;263;264;265;266;313;314;315;316;317;318;319;320;321;322;323;324;325;326;327;328;329;330;331;332;333
scanline_126007,0;252,291,36;69;102;255;291;324;357;390,2;6;8;11;13;15;17;20;23;25;27;29;31;33;35;37;39;41;43;46;49;51;53;55;57;60;65;67;69;71;74;78;80;83;85;88;91;93;95;97;99;102;104;107;109;112;114;116;118;121;124;126;130;132;136;138;144;147;149;152;154;157;159;161;164;166;169;172;174;176;178;180;183;185;187;189;191;196;199;204;206;208;210;216;218;221;223;225;227;230;232;234;236;239;241;243;245;247;249;251;253;256;258;260;263;265;267;269;272;276;280;283;287;290;292;297;299;301;303;305;307;310;313;315;317;319;321;323;325;327;329;332;334;336;338;340;343;346;348;350;353;356;358;364;366;371;374;377;382;385;388;390;392;394;396;399;401;403;407;410;412;418;422;424;428;431;433;438;440;443;446;448;450;452;454;456;458;460;466;470;472;474;476,23;24;27;28;29;30;31;32;37;38;39;41;48;49;50;51;52;53;54;55;56;57;58;59;60;61;62;63;64;65;66;69;70;71;72;73;74;75;76;77;78;79;80;81;84;85;86;89;90;91;92;93;94;95;96;97;98;99;100;101;102;103;104;105;106;107;108;111;112;113;114;115;116;117;118;119;120;121;122;123;124;125;126;127;128;129;130;131;132;133;134;135;137;138;139;140;141;142;143;144;145;146;147;148;149;150;151;157;158;173;174;175;177;178;179;180;181;182;183;184;185;186;187;188;189;190;191;192;193;194;195;196;197;198;200;201;202;203;204;205;206;207;208;209;210;211;212;213;214;215;216;217;218;219;220;221;223;224;225;226;227;228;229;230;231;232;235;236;237;238;239;240;241;242;243;244;245;246;247;248;249;250;251;252;253;254;255;256;257;263;265;266;267;268;269;270;271;272;277;278;279;280;281;282;283;284;285;286;287;288;289;290;291;292;293;294;307;308;321;322;323;324;325;326;327;328;329;330;331;332;333;334;335;336;337;338;339;340;341;342;343;344;345;346;347;348;349;350;351;352;353;354;355;356;357;358;359;360;361;362;363;364;365;366;367;368;369;370;371;372;373;374;375;376;377;378;399;400;401;402;403;404;405;406;407;408;409;410;411;412;413;414;415;416;417;418;419;420;421;422;424;425;426;427;428;429;433;434;447;448;449;450;451;452;453;454;455;456;457;458;459;460,
scanline_42049,0;54;55;77;78;183;275;276,314,33;66;183;273;354;468,6;11;15;21;28;37;51;55;57;59;61;64;66;68;70;73;75;77;79;99;112;133;158;168;183;185;187;189;191;193;196;198;208;210;212;215;217;219;221;223;225;227;231;234;236;238;241;243;245;247;249;251;253;257;259;261;263;268;270;272;274;276;299;312;328;345;349;353;355;358;360;362;364;366;369;392;411;432;445;462;464;466;468;471;474;476;478,20;21;22;23;24;25;26;27;28;29;30;31;32;33;34;35;36;37;38;39;40;41;42;43;44;45;46;47;48;49;50;51;52;53;54;55;56;57;58;59;60;61;62;63;64;65;66;67;68;69;70;71;72;73;76;77;78;79;80;81;82;83;84;85;86;87;88;89;90;91;92;93;94;95;96;97;98;99;112;113;117;118;119;120;121;122;123;124;125;126;127;128;129;130;131;132;136;137;138;139;140;141;142;143;144;145;146;147;148;151;152;153;154;155;156;157;158;159;160;161;162;163;164;165;166;167;168;169;170;171;172;173;174;175;176;177;178;179;180;181;182;183;184;185;186;187;188;189;190;191;192;193;194;195;196;197;198;199;200;201;202;203;204;210;211;212;214;215;216;217;231;232;239;244;245;246;247;248;249;250;251;252;253;254;255;256;257;258;259;260;261;262;263;264;265;266;267;268;269;270;271;272;273;274;275;276;277;278;279;280;281;282;283;284;285;286;287;288;289;290;291;292;293;294;295;296;297;298;299;308;312;313;314;315;316;324;325;326;327;328;329;330;331;332;333;334;335;336;337;338;339;340;341;342;343;344;345;346;347;348;349;350;351;352;353;354;355;356;357;358;360;361;362;363;364;365;366;367;368;369;370;371;372;373;374;375;376;377;378;379;380;381;382;383;384;385;386;387;388;391;392;393;408;410;411;412;413;414;415;416;417;418;419;420;421;422;423;424;425;426;428;429;430;431;432;433;434;435;436;437;438;439;440;441;442;443;444;445;446;447;448;449;450;451;452;453;454;455;456;457;458;459;460,
seatbelts,0;169,,33;72;105;147;180,7;13;19;25;33;39;45;51;60;66;72;79;85;91;97;103;109;115;121;127;133;139;145;151;157;163;169;176;186,20;21;24;25;26;44;45;46;47;68;69;74;92;93;94;96;98;108;109;110;111;116;117;118;132;133;134;135;136;137;138;139;144;145;146;152;153;154;155;156;157;158;159;160;161;162;163;164;165;166;167;168;169;170;171,
shanghai_license,0;57;58;145;146,,45;144;177,6;12;19;29;35;41;47;54;60;66;74;80;86;93;100;108;114;120;127;133;140;147;153;159;170;176;182;190;199,20;21;22;23;24;30;31;32;33;34;35;36;37;38;39;40;41;42;43;44;45;46;47;48;49;50;51;52;53;54;55;56;57;58;59;60;61;62;63;64;65;66;67;68;69;70;71;72;73;74;75;76;77;78;79;80;81;82;83;84;85;86;87;88;89;90;91;92;93;94;96;97;98;99;100;101;102;103;104;105;106;107;109;110;111;112;113;114;115;116;117;118;119;120;121;122;124;125;126;127;128;129;130;131;132;133;134;135;136;137;138;139;140;141;142;143;144;145;146;147;148;154;155;169;170;171;172;173;174;175;176;177;178;179;180;181;182;183,
uk_coal_employ,0,,,,35;36;37;38;39;40;41;42;43;44;45;46;47;48;49;50;51;54;55;56;57;58;59;60;61;62;63;64;65;66;67;68;69;70;71;72;73;74;75;76;77;78;79;80;81;82;83;84,
unemployment_nl,0;121;131;142;175;181;182,172,33;66;102;135;183,23;67;121;132;141;154;172;181;197,22;23;24;26;27;28;33;34;35;36;37;38;39;40;41;42;43;44;45;46;47;48;49;50;54;55;66;67;68;69;70;71;72;73;74;75;76;77;78;79;80;81;82;83;84;85;86;91;92;93;100;101;102;103;104;105;106;107;108;109;110;111;112;113;114;115;116;117;118;119;120;121;122;123;124;125;126;127;128;129;130;131;132;133;134;135;137;138;139;140;141;142;143;144;145;146;147;148;149;150;151;152;153;154;155;156;157;158;159;160;162;163;164;165;166;167;168;169;170;171;172;173;174;175;176;177;178;179;184;185;186;187;188;189;190;191;192;193,
usd_isk,0,184,33;66;99;132;165;198;231,,20;21;22;30;48;49;50;51;52;53;54;68;69;70;71;72;87;91;96;97;98;99;100;101;102;103;104;105;106;107;108;109;110;111;112;113;114;115;117;118;119;120;121;122;123;124;125;126;127;128;129;130;131;132;133;134;135;136;137;138;139;148;149;150;151;152;153;154;155;156;157;158;159;160;161;162;173;174;175;176;177;178;179;180;181;182;183;184;185;204;205;206;207;208;209;210;211;212;216;217;218,
us_population,0,82;165;248;331;414;497;580;663;746,33;66;99;132;165;198;231;264;297;330;363;396;429;462;495;528;561;594;627;660;693;726;759;792,2;4;6;8;10;12;14;16;18;20;22;24;26;28;30;32;34;36;38;40;42;44;46;48;50;52;54;56;58;60;62;64;66;68;70;72;74;76;78;80;82;84;86;88;90;92;94;96;98;100;102;104;106;108;110;112;114;116;118;120;122;124;126;128;130;132;134;136;138;140;142;144;146;148;150;152;154;156;158;160;162;164;166;168;170;172;174;176;178;180;182;184;186;188;190;192;194;196;198;200;202;204;206;208;210;212;214;216;218;220;222;224;226;228;230;232;234;236;238;240;242;244;246;248;250;252;254;256;258;260;262;264;266;268;270;272;274;276;278;280;282;284;286;288;290;292;294;296;298;300;302;304;306;308;310;312;314;316;318;320;322;324;326;328;330;332;334;336;338;340;342;344;346;348;350;352;354;356;358;360;362;364;366;368;370;372;374;376;378;380;382;384;386;388;390;392;394;396;398;400;402;404;406;408;410;412;414;416;418;420;422;424;426;428;430;432;434;436;438;440;442;444;446;448;450;452;454;456;458;460;462;464;466;468;470;472;474;476;478;480;482;484;486;488;490;492;494;496;498;500;502;504;506;508;510;512;514;516;518;520;522;524;526;528;530;532;534;536;538;540;542;544;546;548;550;552;554;556;558;560;562;564;566;568;570;572;574;576;578;580;582;584;586;588;590;592;594;596;598;600;602;604;606;608;610;612;614;616;618;620;622;624;626;628;630;632;634;636;638;640;642;644;646;648;650;652;654;656;658;660;662;664;666;668;670;672;674;676;678;680;682;684;686;688;690;692;694;696;698;700;702;704;706;708;710;712;714;716;718;720;722;724;726;728;730;732;734;736;738;740;742;744;746;748;750;752;754;756;758;760;762;764;766;768;770;772;774;776;778;780;782;784;786;788;790;792;794;796;798;800;802;804;806;808;810;812;814,208;209;210;211;212;213;214;215;216;217;218;219;220;235;236;237;238;239;240;241;242;243;446;447;448;449;450;451;452;453;454;455;456;457;458;459;460;461;462;463;464;693;694;695;696,
well_log,0;179,174;354;533,177;237;282;315;348;384;429;462;657,,20;21;22;23;32;33;34;35;36;39;40;41;42;49;50;51;52;53;54;55;67;68;69;70;71;72;73;74;76;77;79;80;81;84;85;86;90;115;132;133;147;149;152;153;154;155;156;157;158;159;160;161;162;163;164;165;166;167;168;169;170;171;172;173;174;175;176;177;179;180;181;182;184;185;186;194;195;196;197;198;199;200;201;202;204;205;206;207;208;209;210;211;212;213;214;215;216;217;218;219;220;221;222;224;225;226;227;228;229;230;231;232;233;234;235;236;237;238;239;240;241;242;243;244;245;246;247;248;249;250;251;252;253;254;255;256;257;258;259;260;261;262;263;264;265;266;267;268;269;270;271;272;273;274;275;276;277;278;279;280;281;282;283;284;285;286;287;288;289;290;291;292;293;294;295;296;297;298;301;302;303;304;305;306;307;308;309;310;312;313;314;315;316;317;318;319;320;321;322;323;324;325;326;330;331;332;333;334;335;336;337;338;339;340;344;345;346;347;348;349;350;351;352;353;354;355;356;357;358;359;360;361;362;363;364;376;377;379;380;381;382;383;384;385;386;387;388;389;390;391;392;393;394;395;396;397;398;399;400;401;402;403;404;405;409;410;411;412;413;414;415;416;417;418;419;420;430;431;432;433;434;435;436;437;438;439;440;441;442;444;445;446;447;448;449;450;451;452;453;454;455;456;457;458;459;460;461;462;464;465;466;467;468;469;470;471;472;473;474;475;476;477;478;479;480;481;482;483;484;485;486;487;490;492;493;494;495;496;497;498;499;500;501;503;504;505;506;507;508;509;510;511;512;513;514;515;516;517;518;519;520;521;522;524;525;526;527;528;529;530;531;532;533;534;535;536;537;538;539;540;541;542;543;544;545;546;547;548;549;550;551;552;553;554;555;556;557;558;559;560;561;562;563;564;565;570;571;572;573;590;591;592;593;594;595;596;597;598;599;600;601;602;603;604;605;606;607;608;609;610;611;612;618;619;620;621;622;623;624;625;626;627;638;639;640;641;642;643;644;645;646;647;648;649;650;651;652;653;654,
