dataset,algorithm,f1,precision,recall,cover
apple,MicroWatch(idx=0),0.59375,1.0,0.4222222222222222,0.4246265030345013
apple,MicroWatch(idx=1),0.7619047619047619,0.6666666666666666,0.888888888888889,0.6394080338626024
apple,MicroWatch(idx=2),0.6153846153846154,1.0,0.4444444444444445,0.42448483525525554
apple,MicroWatch(idx=3),0.59375,1.0,0.4222222222222222,0.4246265030345013
apple,MicroWatch(idx=4),0.9285714285714287,1.0,0.8666666666666668,0.800729756559285
apple,MicroWatch(idx=5),0.9285714285714287,1.0,0.8666666666666668,0.800729756559285
apple,MicroWatch(idx=6),0.8041237113402063,0.75,0.8666666666666668,0.7872438892356662
apple,PELT,0.45714285714285713,0.3076923076923077,0.888888888888889,0.38484553478252004
bank,MicroWatch(idx=0),1.0,1.0,1.0,1.0
bank,MicroWatch(idx=1),1.0,1.0,1.0,1.0
bank,MicroWatch(idx=2),1.0,1.0,1.0,1.0
bank,MicroWatch(idx=3),1.0,1.0,1.0,1.0
bank,MicroWatch(idx=4),1.0,1.0,1.0,1.0
bank,MicroWatch(idx=5),1.0,1.0,1.0,1.0
bank,MicroWatch(idx=6),1.0,1.0,1.0,1.0
bank,BOCPD,1.0,1.0,1.0,1.0
bank,CUSUM,0.2222222222222222,0.125,1.0,0.22375215146299485
bank,PELT,1.0,1.0,1.0,1.0
bee_waggle_6,MicroWatch(idx=0),0.9285714285714287,1.0,0.8666666666666668,0.8911284212456287
bee_waggle_6,MicroWatch(idx=1),0.9285714285714287,1.0,0.8666666666666668,0.8911284212456287
bee_waggle_6,MicroWatch(idx=2),0.9285714285714287,1.0,0.8666666666666668,0.8911284212456287
bee_waggle_6,MicroWatch(idx=3),0.9285714285714287,1.0,0.8666666666666668,0.8911284212456287
bee_waggle_6,MicroWatch(idx=4),0.15204678362573099,0.08333333333333333,0.8666666666666668,0.17586571793468347
bee_waggle_6,MicroWatch(idx=5),0.325,0.2,0.8666666666666668,0.4129878479397597
bee_waggle_6,MicroWatch(idx=6),0.27956989247311825,0.16666666666666666,0.8666666666666668,0.4736583979430641
bee_waggle_6,PELT,0.9285714285714287,1.0,0.8666666666666668,0.8911284212456287
bitcoin,MicroWatch(idx=0),0.44961240310077516,1.0,0.29,0.5162283249537621
bitcoin,MicroWatch(idx=1),0.7664104080425784,0.7272727272727273,0.8099999999999999,0.7317783673102823
bitcoin,MicroWatch(idx=2),0.5853658536585366,0.75,0.48,0.7471661889194853
bitcoin,MicroWatch(idx=3),0.4538860103626943,0.6,0.365,0.7187362601104132
bitcoin,MicroWatch(idx=4),0.8472622478386168,1.0,0.735,0.7697833056905871
bitcoin,MicroWatch(idx=5),0.5333333333333332,0.6,0.48,0.7343541925679719
bitcoin,MicroWatch(idx=6),0.5984892504357932,0.7142857142857143,0.515,0.7292338046253258
bitcoin,BOCPD,0.44961240310077516,1.0,0.29,0.5162283249537621
bitcoin,CUSUM,0.3548117154811716,0.26666666666666666,0.53,0.27215383720267194
bitcoin,PELT,0.6729141475211609,0.5833333333333334,0.795,0.6898324537812449
brent_spot,MicroWatch(idx=0),0.3146067415730337,1.0,0.18666666666666665,0.2658176
brent_spot,MicroWatch(idx=1),0.662531017369727,0.75,0.5933333333333333,0.6577021261286646
brent_spot,MicroWatch(idx=2),0.23931623931623927,0.3333333333333333,0.18666666666666665,0.4678456822596518
brent_spot,MicroWatch(idx=3),0.23931623931623927,0.3333333333333333,0.18666666666666665,0.4664102496773004
brent_spot,MicroWatch(idx=4),0.6862745098039216,0.8333333333333334,0.5833333333333333,0.6415407355223163
brent_spot,MicroWatch(idx=5),0.4623655913978495,0.5,0.43,0.483838620973102
brent_spot,MicroWatch(idx=6),0.4791666666666666,0.5,0.45999999999999985,0.5466098992747884
brent_spot,BOCPD,0.5436893203883495,1.0,0.3733333333333333,0.5437726357096142
brent_spot,CUSUM,0.4749708963911525,0.4444444444444444,0.51,0.4895780063912662
brent_spot,PELT,0.5207667731629393,0.5,0.5433333333333332,0.6104973840363277
businv,MicroWatch(idx=0),0.5882352941176471,1.0,0.41666666666666663,0.46094765840220386
businv,MicroWatch(idx=1),0.6296296296296295,0.5,0.85,0.7341702741702741
businv,MicroWatch(idx=2),0.45454545454545453,0.5,0.41666666666666663,0.5571041055718475
businv,MicroWatch(idx=3),0.45454545454545453,0.5,0.41666666666666663,0.5544505293902884
businv,MicroWatch(idx=4),0.5588235294117647,0.5,0.6333333333333333,0.7326921986590935
businv,MicroWatch(idx=5),0.45454545454545453,0.5,0.41666666666666663,0.6129307270244195
businv,MicroWatch(idx=6),0.33651551312649164,0.21428571428571427,0.7833333333333333,0.2181670889496976
businv,BOCPD,0.5882352941176471,1.0,0.41666666666666663,0.46094765840220386
businv,CUSUM,0.17543859649122806,0.1111111111111111,0.41666666666666663,0.3143123543123543
businv,PELT,0.5882352941176471,1.0,0.41666666666666663,0.46094765840220386
centralia,MicroWatch(idx=0),0.7628865979381442,1.0,0.6166666666666666,0.6746666666666667
centralia,MicroWatch(idx=1),0.9090909090909091,1.0,0.8333333333333333,0.7533333333333333
centralia,MicroWatch(idx=2),0.9090909090909091,1.0,0.8333333333333333,0.7533333333333333
centralia,MicroWatch(idx=3),0.9090909090909091,1.0,0.8333333333333333,0.7533333333333333
centralia,MicroWatch(idx=4),0.9090909090909091,1.0,0.8333333333333333,0.7533333333333333
centralia,MicroWatch(idx=5),0.846153846153846,1.0,0.7333333333333333,0.6515555555555554
centralia,MicroWatch(idx=6),0.7628865979381442,1.0,0.6166666666666666,0.6746666666666667
centralia,BOCPD,0.7628865979381442,1.0,0.6166666666666666,0.6746666666666667
centralia,CUSUM,0.7628865979381442,1.0,0.6166666666666666,0.6746666666666667
centralia,PELT,0.9090909090909091,1.0,0.8333333333333333,0.5635978835978837
children_per_woman,MicroWatch(idx=0),0.5074626865671642,1.0,0.33999999999999997,0.42910563901060694
children_per_woman,MicroWatch(idx=1),0.6807692307692307,0.6,0.7866666666666666,0.8300516510621161
children_per_woman,MicroWatch(idx=2),0.40476190476190477,0.5,0.33999999999999997,0.691768969744346
children_per_woman,MicroWatch(idx=3),0.5065789473684211,0.5,0.5133333333333333,0.7581050917461887
children_per_woman,MicroWatch(idx=4),0.5800376647834274,0.6666666666666666,0.5133333333333333,0.7873259641213318
children_per_woman,MicroWatch(idx=5),0.5074626865671642,1.0,0.33999999999999997,0.42910563901060694
children_per_woman,MicroWatch(idx=6),0.5800376647834274,0.6666666666666666,0.5133333333333333,0.7828308314220942
children_per_woman,BOCPD,0.8258064516129032,0.8,0.8533333333333333,0.8138785501960882
children_per_woman,CUSUM,0.5078909612625538,0.375,0.7866666666666666,0.31867754709599716
children_per_woman,PELT,0.6175115207373272,1.0,0.44666666666666666,0.7938212009317824
co2_canada,MicroWatch(idx=0),0.3057851239669422,0.5,0.22023809523809526,0.4479791997688863
co2_canada,MicroWatch(idx=1),0.8339281465619796,0.8333333333333334,0.8345238095238094,0.648617950421746
co2_canada,MicroWatch(idx=2),0.7884036144578312,0.75,0.830952380952381,0.5119480743515424
co2_canada,MicroWatch(idx=3),0.7048260381593714,0.6666666666666666,0.7476190476190475,0.5503596848204235
co2_canada,MicroWatch(idx=4),0.7834973504920514,0.8333333333333334,0.7392857142857142,0.6118925489694054
co2_canada,MicroWatch(idx=5),0.689655172413793,0.6666666666666666,0.7142857142857142,0.5940640717351544
co2_canada,MicroWatch(idx=6),0.7729230769230769,0.8,0.7476190476190475,0.6097472879052261
co2_canada,BOCPD,0.7861271676300579,1.0,0.6476190476190476,0.6890502209970573
co2_canada,CUSUM,0.5619834710743802,0.6666666666666666,0.48571428571428565,0.5015580672110767
co2_canada,PELT,0.8925510876730389,1.0,0.805952380952381,0.7494337935369184
construction,MicroWatch(idx=0),0.6956521739130436,1.0,0.5333333333333333,0.5746032369964917
construction,MicroWatch(idx=1),0.9655172413793104,1.0,0.9333333333333333,0.7348706546991288
construction,MicroWatch(idx=2),0.7499999999999999,1.0,0.5999999999999999,0.666820422198679
construction,MicroWatch(idx=3),0.9655172413793104,1.0,0.9333333333333333,0.7323446449767174
construction,MicroWatch(idx=4),1.0,1.0,1.0,0.7304317832257745
construction,MicroWatch(idx=5),0.7499999999999999,1.0,0.5999999999999999,0.666820422198679
construction,MicroWatch(idx=6),0.4166666666666667,0.2631578947368421,1.0,0.26206896551724135
construction,BOCPD,0.5161290322580646,0.5,0.5333333333333333,0.803247588052556
construction,CUSUM,0.5735294117647058,0.42857142857142855,0.8666666666666666,0.321687596800015
construction,PELT,0.6956521739130436,1.0,0.5333333333333333,0.5746032369964917
debt_ireland,MicroWatch(idx=0),0.4693877551020408,1.0,0.30666666666666664,0.32063492063492066
debt_ireland,MicroWatch(idx=1),0.9583333333333333,1.0,0.9199999999999999,0.8322751322751323
debt_ireland,MicroWatch(idx=2),0.9583333333333333,1.0,0.9199999999999999,0.8322751322751323
debt_ireland,MicroWatch(idx=3),0.9583333333333333,1.0,0.9199999999999999,0.8322751322751323
debt_ireland,MicroWatch(idx=4),0.9583333333333333,1.0,0.9199999999999999,0.8322751322751323
debt_ireland,MicroWatch(idx=5),0.7603305785123966,1.0,0.6133333333333333,0.6346153846153847
debt_ireland,MicroWatch(idx=6),0.9583333333333333,1.0,0.9199999999999999,0.8322751322751323
debt_ireland,BOCPD,0.8549618320610687,1.0,0.7466666666666666,0.5141969141969142
debt_ireland,CUSUM,0.4693877551020408,1.0,0.30666666666666664,0.32063492063492066
debt_ireland,PELT,0.9795918367346939,1.0,0.96,0.610978835978836
gdp_argentina,MicroWatch(idx=0),0.8235294117647058,1.0,0.7,0.737087043952887
gdp_argentina,MicroWatch(idx=1),0.888888888888889,1.0,0.8,0.7202762084118015
gdp_argentina,MicroWatch(idx=2),0.888888888888889,1.0,0.8,0.7202762084118015
gdp_argentina,MicroWatch(idx=3),0.8235294117647058,1.0,0.7,0.737087043952887
gdp_argentina,MicroWatch(idx=4),0.888888888888889,1.0,0.8,0.7202762084118015
gdp_argentina,MicroWatch(idx=5),0.888888888888889,1.0,0.8,0.71877444589309
gdp_argentina,MicroWatch(idx=6),0.888888888888889,1.0,0.8,0.7202762084118015
gdp_argentina,BOCPD,0.8235294117647058,1.0,0.7,0.737087043952887
gdp_argentina,CUSUM,0.888888888888889,1.0,0.8,0.6011255397579185
gdp_argentina,PELT,0.9473684210526316,1.0,0.9,0.6348915375086861
gdp_croatia,MicroWatch(idx=0),0.8235294117647058,1.0,0.7,0.7083333333333333
gdp_croatia,MicroWatch(idx=1),1.0,1.0,1.0,0.8016666666666665
gdp_croatia,MicroWatch(idx=2),1.0,1.0,1.0,0.8016666666666665
gdp_croatia,MicroWatch(idx=3),1.0,1.0,1.0,0.8016666666666665
gdp_croatia,MicroWatch(idx=4),1.0,1.0,1.0,0.8016666666666665
gdp_croatia,MicroWatch(idx=5),1.0,1.0,1.0,0.8016666666666665
gdp_croatia,MicroWatch(idx=6),1.0,1.0,1.0,0.8016666666666665
gdp_croatia,BOCPD,0.8235294117647058,1.0,0.7,0.7083333333333333
gdp_croatia,CUSUM,0.8235294117647058,1.0,0.7,0.7083333333333333
gdp_croatia,PELT,0.8,0.6666666666666666,1.0,0.5333333333333333
gdp_iran,MicroWatch(idx=0),0.651685393258427,1.0,0.4833333333333334,0.582639714625446
gdp_iran,MicroWatch(idx=1),0.8679245283018867,1.0,0.7666666666666666,0.7296851574212894
gdp_iran,MicroWatch(idx=2),0.888888888888889,0.8,1.0,0.4126436781609195
gdp_iran,MicroWatch(idx=3),0.8679245283018867,1.0,0.7666666666666666,0.7296851574212894
gdp_iran,MicroWatch(idx=4),0.8679245283018867,1.0,0.7666666666666666,0.7296851574212894
gdp_iran,MicroWatch(idx=5),0.8679245283018867,1.0,0.7666666666666666,0.7296851574212894
gdp_iran,MicroWatch(idx=6),0.888888888888889,0.8,1.0,0.4126436781609195
gdp_iran,BOCPD,0.651685393258427,1.0,0.4833333333333334,0.582639714625446
gdp_iran,CUSUM,0.4915254237288136,0.5,0.4833333333333334,0.4665036212301373
gdp_iran,PELT,0.7340823970037452,0.6666666666666666,0.8166666666666667,0.402115987460815
gdp_japan,MicroWatch(idx=0),0.888888888888889,1.0,0.8,0.802140309155767
gdp_japan,MicroWatch(idx=1),1.0,1.0,1.0,0.7310344827586206
gdp_japan,MicroWatch(idx=2),1.0,1.0,1.0,0.6588505747126436
gdp_japan,MicroWatch(idx=3),1.0,1.0,1.0,0.7310344827586206
gdp_japan,MicroWatch(idx=4),1.0,1.0,1.0,0.7310344827586206
gdp_japan,MicroWatch(idx=5),1.0,1.0,1.0,0.6588505747126436
gdp_japan,MicroWatch(idx=6),1.0,1.0,1.0,0.7310344827586206
gdp_japan,BOCPD,0.888888888888889,1.0,0.8,0.802140309155767
gdp_japan,CUSUM,1.0,1.0,1.0,0.7203065134099618
gdp_japan,PELT,0.888888888888889,1.0,0.8,0.802140309155767
global_co2,MicroWatch(idx=0),0.846153846153846,1.0,0.7333333333333333,0.7583210059171598
global_co2,MicroWatch(idx=1),0.9285714285714285,1.0,0.8666666666666666,0.7486234817813765
global_co2,MicroWatch(idx=2),0.846153846153846,1.0,0.7333333333333333,0.7583210059171598
global_co2,MicroWatch(idx=3),0.9285714285714285,1.0,0.8666666666666666,0.7486234817813765
global_co2,MicroWatch(idx=4),0.9285714285714285,1.0,0.8666666666666666,0.7486234817813765
global_co2,MicroWatch(idx=5),0.9285714285714285,1.0,0.8666666666666666,0.7486234817813765
global_co2,MicroWatch(idx=6),0.5945945945945945,0.5,0.7333333333333333,0.5960252472642533
global_co2,BOCPD,0.846153846153846,1.0,0.7333333333333333,0.7583210059171598
global_co2,CUSUM,0.7536231884057971,0.6666666666666666,0.8666666666666666,0.6040654031958379
global_co2,PELT,0.846153846153846,1.0,0.7333333333333333,0.7583210059171598
homeruns,MicroWatch(idx=0),0.6592178770949719,1.0,0.4916666666666666,0.5107153116920425
homeruns,MicroWatch(idx=1),0.8732394366197184,1.0,0.775,0.7027858951879993
homeruns,MicroWatch(idx=2),0.8732394366197184,1.0,0.775,0.7027858951879993
homeruns,MicroWatch(idx=3),0.6222222222222221,0.6666666666666666,0.5833333333333333,0.5988600608431117
homeruns,MicroWatch(idx=4),0.9473684210526316,1.0,0.9,0.6921555845284659
homeruns,MicroWatch(idx=5),0.8732394366197184,1.0,0.775,0.7027858951879993
homeruns,MicroWatch(idx=6),0.6007905138339921,0.5714285714285714,0.6333333333333333,0.37848399246704323
homeruns,BOCPD,0.7622950819672132,0.75,0.775,0.6502603754324732
homeruns,CUSUM,0.5821596244131455,0.6666666666666666,0.5166666666666666,0.5198972540831412
homeruns,PELT,0.8118811881188119,1.0,0.6833333333333333,0.6938028443405415
iceland_tourism,MicroWatch(idx=0),0.9473684210526316,1.0,0.9,0.9460215651119921
iceland_tourism,MicroWatch(idx=1),0.8,0.6666666666666666,1.0,0.7075376884422111
iceland_tourism,MicroWatch(idx=2),0.6428571428571429,0.5,0.9,0.8304084525190053
iceland_tourism,MicroWatch(idx=3),0.6428571428571429,0.5,0.9,0.8857101599953794
iceland_tourism,MicroWatch(idx=4),0.8,0.6666666666666666,1.0,0.7212820861062067
iceland_tourism,MicroWatch(idx=5),0.6428571428571429,0.5,0.9,0.7747718182750487
iceland_tourism,MicroWatch(idx=6),0.391304347826087,0.25,0.9,0.6429841515268652
iceland_tourism,BOCPD,0.9473684210526316,1.0,0.9,0.9460215651119921
iceland_tourism,CUSUM,0.6666666666666666,0.5,1.0,0.36192728347620456
iceland_tourism,PELT,0.9473684210526316,1.0,0.9,0.9460215651119921
jfk_passengers,MicroWatch(idx=0),0.7234042553191489,1.0,0.5666666666666667,0.6298433048433048
jfk_passengers,MicroWatch(idx=1),0.7755102040816326,1.0,0.6333333333333333,0.8345900167057547
jfk_passengers,MicroWatch(idx=2),0.53125,0.5,0.5666666666666667,0.7619879864327319
jfk_passengers,MicroWatch(idx=3),0.53125,0.5,0.5666666666666667,0.8118830747810138
jfk_passengers,MicroWatch(idx=4),0.7755102040816326,1.0,0.6333333333333333,0.8392664497512488
jfk_passengers,MicroWatch(idx=5),0.6495726495726496,0.6666666666666666,0.6333333333333333,0.8274532462542108
jfk_passengers,MicroWatch(idx=6),0.43678160919540227,0.3333333333333333,0.6333333333333333,0.4783784135918282
jfk_passengers,BOCPD,0.7234042553191489,1.0,0.5666666666666667,0.6298433048433048
jfk_passengers,CUSUM,0.43678160919540227,0.3333333333333333,0.6333333333333333,0.4752285422980287
jfk_passengers,PELT,0.7755102040816326,1.0,0.6333333333333333,0.8369225621126587
lga_passengers,MicroWatch(idx=0),0.5347985347985348,1.0,0.365,0.3830283439257799
lga_passengers,MicroWatch(idx=1),0.8795518207282913,1.0,0.7849999999999999,0.6022459994574695
lga_passengers,MicroWatch(idx=2),0.5905292479108635,0.6666666666666666,0.53,0.46917252321322084
lga_passengers,MicroWatch(idx=3),0.5145631067961165,0.5,0.53,0.5264491858518408
lga_passengers,MicroWatch(idx=4),0.7949790794979081,0.8333333333333334,0.76,0.587095306079574
lga_passengers,MicroWatch(idx=5),0.453551912568306,0.5,0.41500000000000004,0.473117686193991
lga_passengers,MicroWatch(idx=6),0.5771392879450343,0.46153846153846156,0.77,0.4074281043244031
lga_passengers,BOCPD,0.5347985347985348,1.0,0.365,0.3830283439257799
lga_passengers,CUSUM,0.2831215970961888,0.2222222222222222,0.39,0.4180723856603043
lga_passengers,PELT,0.5260663507109005,0.5,0.5549999999999999,0.5362034472385672
measles,MicroWatch(idx=0),0.9473684210526316,1.0,0.9,0.9511852891971232
measles,MicroWatch(idx=1),0.9473684210526316,1.0,0.9,0.9511852891971232
measles,MicroWatch(idx=2),0.9473684210526316,1.0,0.9,0.9511852891971232
measles,MicroWatch(idx=3),0.9473684210526316,1.0,0.9,0.9511852891971232
measles,MicroWatch(idx=4),0.9473684210526316,1.0,0.9,0.9511852891971232
measles,MicroWatch(idx=5),0.6428571428571429,0.5,0.9,0.6530015645237521
measles,MicroWatch(idx=6),0.9473684210526316,1.0,0.9,0.9511852891971232
measles,BOCPD,0.9473684210526316,1.0,0.9,0.9511852891971232
measles,CUSUM,0.07964601769911504,0.041666666666666664,0.9,0.08496468213925328
measles,PELT,0.9473684210526316,1.0,0.9,0.9511852891971232
nile,MicroWatch(idx=0),0.8235294117647058,1.0,0.7,0.75808
nile,MicroWatch(idx=1),1.0,1.0,1.0,0.8879999999999999
nile,MicroWatch(idx=2),0.8235294117647058,1.0,0.7,0.75808
nile,MicroWatch(idx=3),0.8235294117647058,1.0,0.7,0.75808
nile,MicroWatch(idx=4),1.0,1.0,1.0,0.8879999999999999
nile,MicroWatch(idx=5),1.0,1.0,1.0,0.8572631578947367
nile,MicroWatch(idx=6),1.0,1.0,1.0,0.8879999999999999
nile,BOCPD,0.8235294117647058,1.0,0.7,0.75808
nile,CUSUM,0.5833333333333334,0.5,0.7,0.7047317073170731
nile,PELT,1.0,1.0,1.0,0.8800821917808218
occupancy,MicroWatch(idx=0),0.34077855775366944,1.0,0.20538461538461536,0.23562129218275363
occupancy,MicroWatch(idx=1),0.9322200392927309,0.9285714285714286,0.9358974358974359,0.5269378753354644
occupancy,MicroWatch(idx=2),0.6427503736920778,0.625,0.6615384615384616,0.5896284230776824
occupancy,MicroWatch(idx=3),0.8189880020865937,0.8333333333333334,0.8051282051282052,0.5470062666077128
occupancy,MicroWatch(idx=4),0.9037245256500351,1.0,0.8243589743589744,0.6675006956842117
occupancy,MicroWatch(idx=5),0.7514910536779325,0.7777777777777778,0.7269230769230769,0.6092942652414775
occupancy,MicroWatch(idx=6),0.8993132046131916,0.9090909090909091,0.8897435897435898,0.5818102619007578
occupancy,PELT,0.6861265378789893,0.6428571428571429,0.7356410256410256,0.5143972687081126
ozone,MicroWatch(idx=0),0.7234042553191489,1.0,0.5666666666666667,0.5736625514403293
ozone,MicroWatch(idx=1),0.9655172413793104,1.0,0.9333333333333333,0.8518518518518519
ozone,MicroWatch(idx=2),0.9655172413793104,1.0,0.9333333333333333,0.8518518518518519
ozone,MicroWatch(idx=3),0.9655172413793104,1.0,0.9333333333333333,0.8518518518518519
ozone,MicroWatch(idx=4),0.9655172413793104,1.0,0.9333333333333333,0.8518518518518519
ozone,MicroWatch(idx=5),0.9655172413793104,1.0,0.9333333333333333,0.8518518518518519
ozone,MicroWatch(idx=6),0.9655172413793104,1.0,0.9333333333333333,0.8518518518518519
ozone,BOCPD,0.9655172413793104,1.0,0.9333333333333333,0.8282247765006385
ozone,CUSUM,0.53125,0.5,0.5666666666666667,0.5386831275720165
ozone,PELT,0.6666666666666666,0.5,1.0,0.3333333333333333
quality_control_1,MicroWatch(idx=0),0.6666666666666666,1.0,0.5,0.5031081260398699
quality_control_1,MicroWatch(idx=1),1.0,1.0,1.0,0.9961856952610209
quality_control_1,MicroWatch(idx=2),0.14285714285714285,0.08333333333333333,0.5,0.17252396166134185
quality_control_1,MicroWatch(idx=3),0.5,0.5,0.5,0.757330829913844
quality_control_1,MicroWatch(idx=4),1.0,1.0,1.0,0.9923669190051255
quality_control_1,MicroWatch(idx=5),0.8,0.6666666666666666,1.0,0.8878166006053693
quality_control_1,MicroWatch(idx=6),0.4,0.3333333333333333,0.5,0.7699680511182109
quality_control_1,BOCPD,1.0,1.0,1.0,0.9797607548852069
quality_control_1,CUSUM,0.28571428571428575,0.2,0.5,0.610223642172524
quality_control_1,PELT,1.0,1.0,1.0,0.9961856952610209
quality_control_2,MicroWatch(idx=0),0.7499999999999999,1.0,0.6,0.6382524441558766
quality_control_2,MicroWatch(idx=1),1.0,1.0,1.0,0.9230324445872149
quality_control_2,MicroWatch(idx=2),0.23076923076923073,0.14285714285714285,0.6,0.27985865724381626
quality_control_2,MicroWatch(idx=3),0.7499999999999999,1.0,0.6,0.6382524441558766
quality_control_2,MicroWatch(idx=4),1.0,1.0,1.0,0.9223181723701366
quality_control_2,MicroWatch(idx=5),1.0,1.0,1.0,0.9230324445872149
quality_control_2,MicroWatch(idx=6),1.0,1.0,1.0,0.9230324445872149
quality_control_2,BOCPD,0.9473684210526316,1.0,0.9,0.9077664124976753
quality_control_2,CUSUM,0.5454545454545454,0.5,0.6,0.8454252902574456
quality_control_2,PELT,1.0,1.0,1.0,0.9272274782476536
quality_control_3,MicroWatch(idx=0),0.6666666666666666,1.0,0.5,0.5002717310161545
quality_control_3,MicroWatch(idx=1),1.0,1.0,1.0,0.9934729811778993
quality_control_3,MicroWatch(idx=2),0.6666666666666666,1.0,0.5,0.5002717310161545
quality_control_3,MicroWatch(idx=3),0.5,0.5,0.5,0.47688171007748953
quality_control_3,MicroWatch(idx=4),0.28125,0.16666666666666666,0.9,0.19672131147540983
quality_control_3,MicroWatch(idx=5),1.0,1.0,1.0,0.9934729811778993
quality_control_3,MicroWatch(idx=6),0.8,0.6666666666666666,1.0,0.8431997571341834
quality_control_3,BOCPD,1.0,1.0,1.0,0.9848202473396606
quality_control_3,CUSUM,0.5,0.5,0.5,0.9051482621841279
quality_control_3,PELT,1.0,1.0,1.0,0.9967303392229183
quality_control_4,MicroWatch(idx=0),0.7804878048780487,1.0,0.64,0.6727407999999999
quality_control_4,MicroWatch(idx=1),0.7804878048780487,1.0,0.64,0.6727407999999999
quality_control_4,MicroWatch(idx=2),0.5614035087719298,0.5,0.64,0.5610047800586511
quality_control_4,MicroWatch(idx=3),0.7804878048780487,1.0,0.64,0.6727407999999999
quality_control_4,MicroWatch(idx=4),0.9090909090909091,0.8333333333333334,1.0,0.5440995119150157
quality_control_4,MicroWatch(idx=5),0.7804878048780487,1.0,0.64,0.6727407999999999
quality_control_4,MicroWatch(idx=6),0.6212121212121212,0.5,0.82,0.5363548261158178
quality_control_4,BOCPD,0.7804878048780487,1.0,0.64,0.6727407999999999
quality_control_4,CUSUM,0.4023668639053254,0.2857142857142857,0.6799999999999999,0.39638791393215966
quality_control_4,PELT,0.7804878048780487,1.0,0.64,0.6727407999999999
quality_control_5,MicroWatch(idx=0),1.0,1.0,1.0,1.0
quality_control_5,MicroWatch(idx=1),1.0,1.0,1.0,1.0
quality_control_5,MicroWatch(idx=2),1.0,1.0,1.0,1.0
quality_control_5,MicroWatch(idx=3),1.0,1.0,1.0,1.0
quality_control_5,MicroWatch(idx=4),1.0,1.0,1.0,1.0
quality_control_5,MicroWatch(idx=5),0.6666666666666666,0.5,1.0,0.9015384615384615
quality_control_5,MicroWatch(idx=6),1.0,1.0,1.0,1.0
quality_control_5,BOCPD,1.0,1.0,1.0,1.0
quality_control_5,CUSUM,0.6666666666666666,0.5,1.0,0.7630769230769231
quality_control_5,PELT,1.0,1.0,1.0,1.0
rail_lines,MicroWatch(idx=0),0.5365853658536585,1.0,0.36666666666666664,0.4281957633308984
rail_lines,MicroWatch(idx=1),0.9655172413793104,1.0,0.9333333333333332,0.7847490347490347
rail_lines,MicroWatch(idx=2),0.9655172413793104,1.0,0.9333333333333332,0.7847490347490347
rail_lines,MicroWatch(idx=3),0.9655172413793104,1.0,0.9333333333333332,0.7847490347490347
rail_lines,MicroWatch(idx=4),0.9655172413793104,1.0,0.9333333333333332,0.8018894460070932
rail_lines,MicroWatch(idx=5),0.846153846153846,1.0,0.7333333333333333,0.7863825363825364
rail_lines,MicroWatch(idx=6),0.9655172413793104,1.0,0.9333333333333332,0.7847490347490347
rail_lines,BOCPD,0.5365853658536585,1.0,0.36666666666666664,0.4281957633308984
rail_lines,CUSUM,0.5365853658536585,1.0,0.36666666666666664,0.4281957633308984
rail_lines,PELT,0.8,0.6666666666666666,1.0,0.4495495495495495
ratner_stock,MicroWatch(idx=0),0.5714285714285714,1.0,0.39999999999999997,0.4503255555555555
ratner_stock,MicroWatch(idx=1),0.846153846153846,1.0,0.7333333333333332,0.8713730266870364
ratner_stock,MicroWatch(idx=2),0.7755102040816326,1.0,0.6333333333333333,0.8711264209940708
ratner_stock,MicroWatch(idx=3),0.5833333333333334,0.5,0.7,0.6191428571428572
ratner_stock,MicroWatch(idx=4),0.8235294117647058,1.0,0.7,0.9065327561327562
ratner_stock,MicroWatch(idx=5),0.4444444444444445,0.5,0.39999999999999997,0.685396499238965
ratner_stock,MicroWatch(idx=6),0.34456928838951306,0.2222222222222222,0.7666666666666666,0.34833333333333333
ratner_stock,BOCPD,0.8679245283018867,1.0,0.7666666666666666,0.9044967717717718
ratner_stock,CUSUM,0.328125,0.21428571428571427,0.7,0.23635714285714285
ratner_stock,PELT,0.8235294117647058,1.0,0.7,0.9122205146473155
robocalls,MicroWatch(idx=0),0.6363636363636364,1.0,0.4666666666666666,0.6005917159763314
robocalls,MicroWatch(idx=1),1.0,1.0,1.0,0.7423076923076922
robocalls,MicroWatch(idx=2),0.9655172413793104,1.0,0.9333333333333332,0.7712905764312413
robocalls,MicroWatch(idx=3),0.9655172413793104,1.0,0.9333333333333332,0.8076923076923077
robocalls,MicroWatch(idx=4),0.9655172413793104,1.0,0.9333333333333332,0.7713151200560211
robocalls,MicroWatch(idx=5),0.9655172413793104,1.0,0.9333333333333332,0.7760683760683762
robocalls,MicroWatch(idx=6),0.8,1.0,0.6666666666666666,0.6679881656804734
robocalls,BOCPD,0.6363636363636364,1.0,0.4666666666666666,0.6005917159763314
robocalls,CUSUM,0.8,1.0,0.6666666666666666,0.665533656626774
robocalls,PELT,0.9655172413793104,1.0,0.9333333333333332,0.7115384615384616
run_log,MicroWatch(idx=0),0.4455958549222798,1.0,0.2866666666666667,0.3035168628338615
run_log,MicroWatch(idx=1),0.9382978723404256,0.9,0.9800000000000001,0.7843085106382979
run_log,MicroWatch(idx=2),0.5424354243542436,0.375,0.9800000000000001,0.314209726443769
run_log,MicroWatch(idx=3),0.47916666666666663,0.5,0.45999999999999996,0.5108350701397443
run_log,MicroWatch(idx=4),0.7398203592814371,0.7,0.7844444444444445,0.6169093523710718
run_log,MicroWatch(idx=5),0.562143170838823,0.5555555555555556,0.5688888888888889,0.6098921901258839
run_log,MicroWatch(idx=6),0.5424354243542436,0.375,0.9800000000000001,0.314209726443769
run_log,PELT,0.6874512860483243,0.5294117647058824,0.9800000000000001,0.6528959810874704
scanline_126007,MicroWatch(idx=0),0.6444007858546168,1.0,0.47536231884057967,0.5027199917012807
scanline_126007,MicroWatch(idx=1),0.7062031356509885,0.6666666666666666,0.7507246376811594,0.623392545787811
scanline_126007,MicroWatch(idx=2),0.6444007858546168,1.0,0.47536231884057967,0.5027199917012807
scanline_126007,MicroWatch(idx=3),0.6444007858546168,1.0,0.47536231884057967,0.5027199917012807
scanline_126007,MicroWatch(idx=4),0.8014466546112117,0.8,0.8028985507246377,0.49351705143600527
scanline_126007,MicroWatch(idx=5),0.65234375,1.0,0.48405797101449277,0.6311974186884065
scanline_126007,MicroWatch(idx=6),0.7492063492063491,0.6666666666666666,0.855072463768116,0.3523615186570653
scanline_126007,BOCPD,0.857615894039735,1.0,0.7507246376811594,0.6951384751875098
scanline_126007,CUSUM,0.4215656411818459,0.36363636363636365,0.5014492753623189,0.2600508412520662
scanline_126007,PELT,0.8791208791208792,0.8888888888888888,0.8695652173913043,0.5072150032531263
scanline_42049,MicroWatch(idx=0),0.2756368386675375,1.0,0.15984848484848485,0.2112845293718475
scanline_42049,MicroWatch(idx=1),0.8737359144755851,0.8888888888888888,0.859090909090909,0.8407175385085625
scanline_42049,MicroWatch(idx=2),0.6398996235884566,0.7142857142857143,0.5795454545454545,0.6770701111443203
scanline_42049,MicroWatch(idx=3),0.4038694074969771,1.0,0.25303030303030305,0.3040182856991908
scanline_42049,MicroWatch(idx=4),0.830832196452933,0.875,0.7909090909090909,0.8041788847862076
scanline_42049,MicroWatch(idx=5),0.7402728650833754,0.8333333333333334,0.6659090909090909,0.6794635030409268
scanline_42049,MicroWatch(idx=6),0.5602461538461538,0.8,0.43106060606060603,0.7576434924503256
scanline_42049,BOCPD,0.7184466019417475,1.0,0.5606060606060606,0.6981029260725717
scanline_42049,CUSUM,0.3133896260554886,0.3,0.328030303030303,0.5956222369044829
scanline_42049,PELT,0.9622641509433963,1.0,0.9272727272727274,0.8959208306848133
seatbelts,MicroWatch(idx=0),0.6206896551724138,1.0,0.45,0.5283637152777778
seatbelts,MicroWatch(idx=1),0.9743589743589743,1.0,0.95,0.8649774774774774
seatbelts,MicroWatch(idx=2),0.6206896551724138,1.0,0.45,0.5283637152777778
seatbelts,MicroWatch(idx=3),0.838235294117647,0.75,0.95,0.8093465909090909
seatbelts,MicroWatch(idx=4),0.9743589743589743,1.0,0.95,0.869806090015857
seatbelts,MicroWatch(idx=5),0.6829268292682926,0.6666666666666666,0.7,0.5590343033561042
seatbelts,MicroWatch(idx=6),0.8235294117647058,1.0,0.7,0.6248320389546351
seatbelts,BOCPD,0.8235294117647058,1.0,0.7,0.5995395151674466
seatbelts,CUSUM,0.32142857142857145,0.25,0.45,0.640605603886854
seatbelts,PELT,0.6829268292682926,0.6666666666666666,0.7,0.8000747772334353
shanghai_license,MicroWatch(idx=0),0.6363636363636364,1.0,0.4666666666666667,0.5470886377156454
shanghai_license,MicroWatch(idx=1),0.9655172413793104,1.0,0.9333333333333333,0.9304479955144378
shanghai_license,MicroWatch(idx=2),0.3888888888888889,0.3333333333333333,0.4666666666666667,0.5968437862950058
shanghai_license,MicroWatch(idx=3),0.4827586206896552,0.5,0.4666666666666667,0.7376596980255516
shanghai_license,MicroWatch(idx=4),0.7777777777777778,0.6666666666666666,0.9333333333333333,0.6970537332959535
shanghai_license,MicroWatch(idx=5),0.7777777777777778,0.6666666666666666,0.9333333333333333,0.6970537332959535
shanghai_license,MicroWatch(idx=6),0.7777777777777778,0.6666666666666666,0.9333333333333333,0.6970537332959535
shanghai_license,BOCPD,0.7304347826086957,0.6,0.9333333333333333,0.6876110877488085
shanghai_license,CUSUM,0.5588235294117647,0.5,0.6333333333333333,0.5277334919690662
shanghai_license,PELT,0.7131782945736433,0.6666666666666666,0.7666666666666667,0.6626558265582656
uk_coal_employ,MicroWatch(idx=0),0.5132743362831858,1.0,0.34523809523809523,0.35648072562358274
uk_coal_employ,MicroWatch(idx=1),0.4084507042253521,0.5,0.34523809523809523,0.37125714285714284
uk_coal_employ,MicroWatch(idx=2),0.5132743362831858,1.0,0.34523809523809523,0.35648072562358274
uk_coal_employ,MicroWatch(idx=3),0.5132743362831858,1.0,0.34523809523809523,0.35648072562358274
uk_coal_employ,MicroWatch(idx=4),0.5132743362831858,1.0,0.34523809523809523,0.35648072562358274
uk_coal_employ,MicroWatch(idx=5),0.5132743362831858,1.0,0.34523809523809523,0.35648072562358274
uk_coal_employ,MicroWatch(idx=6),0.5132743362831858,1.0,0.34523809523809523,0.35648072562358274
uk_coal_employ,BOCPD,0.5132743362831858,1.0,0.34523809523809523,0.35648072562358274
uk_coal_employ,CUSUM,0.5132743362831858,1.0,0.34523809523809523,0.35648072562358274
uk_coal_employ,PELT,0.8148148148148148,0.6875,1.0,0.3514285714285715
unemployment_nl,MicroWatch(idx=0),0.5663082437275986,1.0,0.395,0.5065595248493318
unemployment_nl,MicroWatch(idx=1),0.8764044943820225,1.0,0.78,0.6596176720475786
unemployment_nl,MicroWatch(idx=2),0.6970684039087948,1.0,0.5349999999999999,0.481363752493036
unemployment_nl,MicroWatch(idx=3),0.7381703470031545,1.0,0.585,0.571474881965216
unemployment_nl,MicroWatch(idx=4),0.7898734177215191,0.8,0.78,0.6035429056924383
unemployment_nl,MicroWatch(idx=5),0.7951807228915662,1.0,0.6599999999999999,0.5460784651688162
unemployment_nl,MicroWatch(idx=6),0.586145648312611,0.45454545454545453,0.825,0.415040262345603
unemployment_nl,BOCPD,0.9130434782608696,1.0,0.8400000000000001,0.631365595795654
unemployment_nl,CUSUM,0.6071428571428571,0.75,0.51,0.411865097698535
unemployment_nl,PELT,0.6970684039087948,1.0,0.5349999999999999,0.6425412931707328
usd_isk,MicroWatch(idx=0),0.8483685220729366,1.0,0.7366666666666666,0.8407211723545662
usd_isk,MicroWatch(idx=1),0.8483685220729366,1.0,0.7366666666666666,0.8363742756692638
usd_isk,MicroWatch(idx=2),0.5420375865479723,0.6666666666666666,0.45666666666666667,0.7422222759266233
usd_isk,MicroWatch(idx=3),0.8483685220729366,1.0,0.7366666666666666,0.8363742756692638
usd_isk,MicroWatch(idx=4),0.8483685220729366,1.0,0.7366666666666666,0.8363742756692638
usd_isk,MicroWatch(idx=5),0.39271255060728744,0.5,0.3233333333333333,0.6076582765799412
usd_isk,MicroWatch(idx=6),0.8483685220729366,1.0,0.7366666666666666,0.8363742756692638
usd_isk,BOCPD,0.48866498740554154,1.0,0.3233333333333333,0.43629300594994175
usd_isk,CUSUM,0.6613466334164588,0.6,0.7366666666666666,0.6385650197432844
usd_isk,PELT,0.7854251012145749,1.0,0.6466666666666666,0.8577019651513579
us_population,MicroWatch(idx=0),0.888888888888889,1.0,0.8,0.8033761053440983
us_population,MicroWatch(idx=1),0.6666666666666666,0.5,1.0,0.4203431372549019
us_population,MicroWatch(idx=2),0.38095238095238093,0.25,0.8,0.47352941176470587
us_population,MicroWatch(idx=3),0.38095238095238093,0.25,0.8,0.4436274509803921
us_population,MicroWatch(idx=4),0.5,0.3333333333333333,1.0,0.28602941176470587
us_population,MicroWatch(idx=5),0.38095238095238093,0.25,0.8,0.3921180220722168
us_population,MicroWatch(idx=6),0.042328042328042326,0.021739130434782608,0.8,0.030882352941176472
us_population,BOCPD,0.888888888888889,1.0,0.8,0.8033761053440983
us_population,CUSUM,0.08602150537634409,0.045454545454545456,0.8,0.06519607843137255
us_population,PELT,0.888888888888889,1.0,0.8,0.8033761053440983
well_log,MicroWatch(idx=0),0.23702252693437809,1.0,0.13444444444444445,0.22457547325102878
well_log,MicroWatch(idx=1),0.9305472636815919,0.9333333333333333,0.9277777777777777,0.8243791953403644
well_log,MicroWatch(idx=2),0.49102489866821075,0.42105263157894735,0.5888888888888889,0.4815989393813835
well_log,MicroWatch(idx=3),0.45758354755784064,1.0,0.2966666666666667,0.4743195290060651
well_log,MicroWatch(idx=4),0.7751254203649596,0.7692307692307693,0.7811111111111112,0.7395529310509334
well_log,MicroWatch(idx=5),0.6415094339622641,1.0,0.4722222222222222,0.7086067295494196
well_log,MicroWatch(idx=6),0.39702602230483275,0.6,0.2966666666666667,0.6364281982204057
well_log,BOCPD,0.4238178633975482,1.0,0.2688888888888889,0.4645682435082744
well_log,CUSUM,0.19160728424386383,0.3333333333333333,0.13444444444444445,0.63663766770224
well_log,PELT,0.7564230233021312,0.8181818181818182,0.7033333333333334,0.8085845057994765
