dataset,algorithm,f1_score,precision_%,recall_%,covering_score,predicted_cps,true_cps
apple,MicroWatch(idx=4),92.86,100.0,86.67,80.07,2,12
apple,MicroWatch(idx=5),92.86,100.0,86.67,80.07,2,12
apple,MicroWatch(idx=6),80.41,75.0,86.67,78.72,3,12
apple,MicroWatch(idx=1),76.19,66.67,88.89,63.94,5,12
apple,MicroWatch(idx=2),61.54,100.0,44.44,42.45,1,12
apple,MicroWatch(idx=0),59.38,100.0,42.22,42.46,0,12
apple,MicroWatch(idx=3),59.38,100.0,42.22,42.46,0,12
bank,MicroWatch(idx=0),100.0,100.0,100.0,100.0,0,0
bank,MicroWatch(idx=1),100.0,100.0,100.0,100.0,0,0
bank,MicroWatch(idx=2),100.0,100.0,100.0,100.0,0,0
bank,MicroWatch(idx=3),100.0,100.0,100.0,100.0,0,0
bank,MicroWatch(idx=4),100.0,100.0,100.0,100.0,0,0
bank,MicroWatch(idx=5),100.0,100.0,100.0,100.0,0,0
bank,MicroWatch(idx=6),100.0,100.0,100.0,100.0,0,0
bank,BOCPD,100.0,100.0,100.0,100.0,0,0
bank,PELT,100.0,100.0,100.0,100.0,0,0
bank,CUSUM,22.22,12.5,100.0,22.38,7,0
bee_waggle_6,MicroWatch(idx=0),92.86,100.0,86.67,89.11,0,2
bee_waggle_6,MicroWatch(idx=1),92.86,100.0,86.67,89.11,0,2
bee_waggle_6,MicroWatch(idx=2),92.86,100.0,86.67,89.11,0,2
bee_waggle_6,MicroWatch(idx=3),92.86,100.0,86.67,89.11,0,2
bee_waggle_6,MicroWatch(idx=5),32.5,20.0,86.67,41.3,4,2
bee_waggle_6,MicroWatch(idx=6),27.96,16.67,86.67,47.37,5,2
bee_waggle_6,MicroWatch(idx=4),15.2,8.33,86.67,17.59,11,2
bitcoin,MicroWatch(idx=4),84.73,100.0,73.5,76.98,6,20
bitcoin,MicroWatch(idx=1),76.64,72.73,81.0,73.18,10,20
bitcoin,PELT,67.29,58.33,79.5,68.98,11,20
bitcoin,MicroWatch(idx=6),59.85,71.43,51.5,72.92,6,20
bitcoin,MicroWatch(idx=2),58.54,75.0,48.0,74.72,3,20
bitcoin,MicroWatch(idx=5),53.33,60.0,48.0,73.44,4,20
bitcoin,MicroWatch(idx=3),45.39,60.0,36.5,71.87,4,20
bitcoin,MicroWatch(idx=0),44.96,100.0,29.0,51.62,0,20
bitcoin,BOCPD,44.96,100.0,29.0,51.62,0,20
bitcoin,CUSUM,35.48,26.67,53.0,27.22,14,20
brent_spot,MicroWatch(idx=4),68.63,83.33,58.33,64.15,5,30
brent_spot,MicroWatch(idx=1),66.25,75.0,59.33,65.77,7,30
brent_spot,BOCPD,54.37,100.0,37.33,54.38,3,30
brent_spot,PELT,52.08,50.0,54.33,61.05,7,30
brent_spot,MicroWatch(idx=6),47.92,50.0,46.0,54.66,7,30
brent_spot,CUSUM,47.5,44.44,51.0,48.96,8,30
brent_spot,MicroWatch(idx=5),46.24,50.0,43.0,48.38,9,30
brent_spot,MicroWatch(idx=0),31.46,100.0,18.67,26.58,0,30
brent_spot,MicroWatch(idx=2),23.93,33.33,18.67,46.78,2,30
brent_spot,MicroWatch(idx=3),23.93,33.33,18.67,46.64,2,30
businv,MicroWatch(idx=1),62.96,50.0,85.0,73.42,5,11
businv,MicroWatch(idx=0),58.82,100.0,41.67,46.09,0,11
businv,BOCPD,58.82,100.0,41.67,46.09,0,11
businv,PELT,58.82,100.0,41.67,46.09,0,11
businv,MicroWatch(idx=4),55.88,50.0,63.33,73.27,3,11
businv,MicroWatch(idx=2),45.45,50.0,41.67,55.71,1,11
businv,MicroWatch(idx=3),45.45,50.0,41.67,55.45,1,11
businv,MicroWatch(idx=5),45.45,50.0,41.67,61.29,1,11
businv,MicroWatch(idx=6),33.65,21.43,78.33,21.82,13,11
businv,CUSUM,17.54,11.11,41.67,31.43,8,11
centralia,MicroWatch(idx=1),90.91,100.0,83.33,75.33,1,6
centralia,MicroWatch(idx=2),90.91,100.0,83.33,75.33,1,6
centralia,MicroWatch(idx=3),90.91,100.0,83.33,75.33,1,6
centralia,MicroWatch(idx=4),90.91,100.0,83.33,75.33,1,6
centralia,PELT,90.91,100.0,83.33,56.36,1,6
centralia,MicroWatch(idx=5),84.62,100.0,73.33,65.16,1,6
centralia,MicroWatch(idx=0),76.29,100.0,61.67,67.47,0,6
centralia,MicroWatch(idx=6),76.29,100.0,61.67,67.47,0,6
centralia,BOCPD,76.29,100.0,61.67,67.47,0,6
centralia,CUSUM,76.29,100.0,61.67,67.47,0,6
children_per_woman,BOCPD,82.58,80.0,85.33,81.39,4,11
children_per_woman,MicroWatch(idx=1),68.08,60.0,78.67,83.01,4,11
children_per_woman,PELT,61.75,100.0,44.67,79.38,1,11
children_per_woman,MicroWatch(idx=4),58.0,66.67,51.33,78.73,2,11
children_per_woman,MicroWatch(idx=6),58.0,66.67,51.33,78.28,2,11
children_per_woman,CUSUM,50.79,37.5,78.67,31.87,7,11
children_per_woman,MicroWatch(idx=0),50.75,100.0,34.0,42.91,0,11
children_per_woman,MicroWatch(idx=5),50.75,100.0,34.0,42.91,0,11
children_per_woman,MicroWatch(idx=3),50.66,50.0,51.33,75.81,3,11
children_per_woman,MicroWatch(idx=2),40.48,50.0,34.0,69.18,1,11
co2_canada,PELT,89.26,100.0,80.6,74.94,4,22
co2_canada,MicroWatch(idx=1),83.39,83.33,83.45,64.86,5,22
co2_canada,MicroWatch(idx=2),78.84,75.0,83.1,51.19,7,22
co2_canada,BOCPD,78.61,100.0,64.76,68.91,4,22
co2_canada,MicroWatch(idx=4),78.35,83.33,73.93,61.19,5,22
co2_canada,MicroWatch(idx=6),77.29,80.0,74.76,60.97,4,22
co2_canada,MicroWatch(idx=3),70.48,66.67,74.76,55.04,5,22
co2_canada,MicroWatch(idx=5),68.97,66.67,71.43,59.41,5,22
co2_canada,CUSUM,56.2,66.67,48.57,50.16,5,22
co2_canada,MicroWatch(idx=0),30.58,50.0,22.02,44.8,1,22
construction,MicroWatch(idx=4),100.0,100.0,100.0,73.04,4,6
construction,MicroWatch(idx=1),96.55,100.0,93.33,73.49,3,6
construction,MicroWatch(idx=3),96.55,100.0,93.33,73.23,3,6
construction,MicroWatch(idx=2),75.0,100.0,60.0,66.68,1,6
construction,MicroWatch(idx=5),75.0,100.0,60.0,66.68,1,6
construction,MicroWatch(idx=0),69.57,100.0,53.33,57.46,0,6
construction,PELT,69.57,100.0,53.33,57.46,0,6
construction,CUSUM,57.35,42.86,86.67,32.17,6,6
construction,BOCPD,51.61,50.0,53.33,80.32,1,6
construction,MicroWatch(idx=6),41.67,26.32,100.0,26.21,18,6
debt_ireland,MicroWatch(idx=1),95.83,100.0,92.0,83.23,2,12
debt_ireland,MicroWatch(idx=2),95.83,100.0,92.0,83.23,2,12
debt_ireland,MicroWatch(idx=3),95.83,100.0,92.0,83.23,2,12
debt_ireland,MicroWatch(idx=4),95.83,100.0,92.0,83.23,2,12
debt_ireland,MicroWatch(idx=6),95.83,100.0,92.0,83.23,2,12
debt_ireland,BOCPD,85.5,100.0,74.67,51.42,2,12
debt_ireland,MicroWatch(idx=5),76.03,100.0,61.33,63.46,1,12
debt_ireland,MicroWatch(idx=0),46.94,100.0,30.67,32.06,0,12
debt_ireland,CUSUM,46.94,100.0,30.67,32.06,0,12
debt_ireland,PELT,46.94,100.0,30.67,32.06,0,12
gdp_argentina,PELT,94.74,100.0,90.0,63.49,2,6
gdp_argentina,MicroWatch(idx=1),88.89,100.0,80.0,72.03,1,6
gdp_argentina,MicroWatch(idx=2),88.89,100.0,80.0,72.03,1,6
gdp_argentina,MicroWatch(idx=4),88.89,100.0,80.0,72.03,1,6
gdp_argentina,MicroWatch(idx=5),88.89,100.0,80.0,71.88,1,6
gdp_argentina,MicroWatch(idx=6),88.89,100.0,80.0,72.03,1,6
gdp_argentina,CUSUM,88.89,100.0,80.0,60.11,1,6
gdp_argentina,MicroWatch(idx=0),82.35,100.0,70.0,73.71,0,6
gdp_argentina,MicroWatch(idx=3),82.35,100.0,70.0,73.71,0,6
gdp_argentina,BOCPD,82.35,100.0,70.0,73.71,0,6
gdp_croatia,MicroWatch(idx=1),100.0,100.0,100.0,80.17,1,3
gdp_croatia,MicroWatch(idx=2),100.0,100.0,100.0,80.17,1,3
gdp_croatia,MicroWatch(idx=3),100.0,100.0,100.0,80.17,1,3
gdp_croatia,MicroWatch(idx=4),100.0,100.0,100.0,80.17,1,3
gdp_croatia,MicroWatch(idx=5),100.0,100.0,100.0,80.17,1,3
gdp_croatia,MicroWatch(idx=6),100.0,100.0,100.0,80.17,1,3
gdp_croatia,MicroWatch(idx=0),82.35,100.0,70.0,70.83,0,3
gdp_croatia,BOCPD,82.35,100.0,70.0,70.83,0,3
gdp_croatia,CUSUM,82.35,100.0,70.0,70.83,0,3
gdp_croatia,PELT,82.35,100.0,70.0,70.83,0,3
gdp_iran,MicroWatch(idx=2),88.89,80.0,100.0,41.26,4,8
gdp_iran,MicroWatch(idx=6),88.89,80.0,100.0,41.26,4,8
gdp_iran,MicroWatch(idx=1),86.79,100.0,76.67,72.97,1,8
gdp_iran,MicroWatch(idx=3),86.79,100.0,76.67,72.97,1,8
gdp_iran,MicroWatch(idx=4),86.79,100.0,76.67,72.97,1,8
gdp_iran,MicroWatch(idx=5),86.79,100.0,76.67,72.97,1,8
gdp_iran,MicroWatch(idx=0),65.17,100.0,48.33,58.26,0,8
gdp_iran,BOCPD,65.17,100.0,48.33,58.26,0,8
gdp_iran,PELT,65.17,100.0,48.33,58.26,0,8
gdp_iran,CUSUM,49.15,50.0,48.33,46.65,1,8
gdp_japan,MicroWatch(idx=1),100.0,100.0,100.0,73.1,1,2
gdp_japan,MicroWatch(idx=2),100.0,100.0,100.0,65.89,1,2
gdp_japan,MicroWatch(idx=3),100.0,100.0,100.0,73.1,1,2
gdp_japan,MicroWatch(idx=4),100.0,100.0,100.0,73.1,1,2
gdp_japan,MicroWatch(idx=5),100.0,100.0,100.0,65.89,1,2
gdp_japan,MicroWatch(idx=6),100.0,100.0,100.0,73.1,1,2
gdp_japan,CUSUM,100.0,100.0,100.0,72.03,1,2
gdp_japan,MicroWatch(idx=0),88.89,100.0,80.0,80.21,0,2
gdp_japan,BOCPD,88.89,100.0,80.0,80.21,0,2
gdp_japan,PELT,88.89,100.0,80.0,80.21,0,2
global_co2,MicroWatch(idx=1),92.86,100.0,86.67,74.86,1,4
global_co2,MicroWatch(idx=3),92.86,100.0,86.67,74.86,1,4
global_co2,MicroWatch(idx=4),92.86,100.0,86.67,74.86,1,4
global_co2,MicroWatch(idx=5),92.86,100.0,86.67,74.86,1,4
global_co2,MicroWatch(idx=0),84.62,100.0,73.33,75.83,0,4
global_co2,MicroWatch(idx=2),84.62,100.0,73.33,75.83,0,4
global_co2,BOCPD,84.62,100.0,73.33,75.83,0,4
global_co2,PELT,84.62,100.0,73.33,75.83,0,4
global_co2,CUSUM,75.36,66.67,86.67,60.41,2,4
global_co2,MicroWatch(idx=6),59.46,50.0,73.33,59.6,1,4
homeruns,MicroWatch(idx=4),94.74,100.0,90.0,69.22,3,11
homeruns,MicroWatch(idx=1),87.32,100.0,77.5,70.28,2,11
homeruns,MicroWatch(idx=2),87.32,100.0,77.5,70.28,2,11
homeruns,MicroWatch(idx=5),87.32,100.0,77.5,70.28,2,11
homeruns,PELT,81.19,100.0,68.33,69.38,1,11
homeruns,BOCPD,76.23,75.0,77.5,65.03,3,11
homeruns,MicroWatch(idx=0),65.92,100.0,49.17,51.07,0,11
homeruns,MicroWatch(idx=3),62.22,66.67,58.33,59.89,2,11
homeruns,MicroWatch(idx=6),60.08,57.14,63.33,37.85,6,11
homeruns,CUSUM,58.22,66.67,51.67,51.99,2,11
iceland_tourism,MicroWatch(idx=0),94.74,100.0,90.0,94.6,0,1
iceland_tourism,BOCPD,94.74,100.0,90.0,94.6,0,1
iceland_tourism,PELT,94.74,100.0,90.0,94.6,0,1
iceland_tourism,MicroWatch(idx=1),80.0,66.67,100.0,70.75,2,1
iceland_tourism,MicroWatch(idx=4),80.0,66.67,100.0,72.13,2,1
iceland_tourism,CUSUM,66.67,50.0,100.0,36.19,3,1
iceland_tourism,MicroWatch(idx=2),64.29,50.0,90.0,83.04,1,1
iceland_tourism,MicroWatch(idx=3),64.29,50.0,90.0,88.57,1,1
iceland_tourism,MicroWatch(idx=5),64.29,50.0,90.0,77.48,1,1
iceland_tourism,MicroWatch(idx=6),39.13,25.0,90.0,64.3,3,1
jfk_passengers,MicroWatch(idx=1),77.55,100.0,63.33,83.46,1,5
jfk_passengers,MicroWatch(idx=4),77.55,100.0,63.33,83.93,1,5
jfk_passengers,PELT,77.55,100.0,63.33,83.69,1,5
jfk_passengers,MicroWatch(idx=0),72.34,100.0,56.67,62.98,0,5
jfk_passengers,BOCPD,72.34,100.0,56.67,62.98,0,5
jfk_passengers,MicroWatch(idx=5),64.96,66.67,63.33,82.75,2,5
jfk_passengers,MicroWatch(idx=2),53.12,50.0,56.67,76.2,1,5
jfk_passengers,MicroWatch(idx=3),53.12,50.0,56.67,81.19,1,5
jfk_passengers,MicroWatch(idx=6),43.68,33.33,63.33,47.84,5,5
jfk_passengers,CUSUM,43.68,33.33,63.33,47.52,5,5
lga_passengers,MicroWatch(idx=1),87.96,100.0,78.5,60.22,5,17
lga_passengers,MicroWatch(idx=4),79.5,83.33,76.0,58.71,5,17
lga_passengers,MicroWatch(idx=2),59.05,66.67,53.0,46.92,2,17
lga_passengers,MicroWatch(idx=6),57.71,46.15,77.0,40.74,12,17
lga_passengers,MicroWatch(idx=0),53.48,100.0,36.5,38.3,0,17
lga_passengers,BOCPD,53.48,100.0,36.5,38.3,0,17
lga_passengers,PELT,52.61,50.0,55.5,53.62,5,17
lga_passengers,MicroWatch(idx=3),51.46,50.0,53.0,52.64,3,17
lga_passengers,MicroWatch(idx=5),45.36,50.0,41.5,47.31,5,17
lga_passengers,CUSUM,28.31,22.22,39.0,41.81,8,17
measles,MicroWatch(idx=0),94.74,100.0,90.0,95.12,0,1
measles,MicroWatch(idx=1),94.74,100.0,90.0,95.12,0,1
measles,MicroWatch(idx=2),94.74,100.0,90.0,95.12,0,1
measles,MicroWatch(idx=3),94.74,100.0,90.0,95.12,0,1
measles,MicroWatch(idx=4),94.74,100.0,90.0,95.12,0,1
measles,MicroWatch(idx=6),94.74,100.0,90.0,95.12,0,1
measles,BOCPD,94.74,100.0,90.0,95.12,0,1
measles,PELT,94.74,100.0,90.0,95.12,0,1
measles,MicroWatch(idx=5),64.29,50.0,90.0,65.3,1,1
measles,CUSUM,7.96,4.17,90.0,8.5,23,1
nile,MicroWatch(idx=1),100.0,100.0,100.0,88.8,1,3
nile,MicroWatch(idx=4),100.0,100.0,100.0,88.8,1,3
nile,MicroWatch(idx=5),100.0,100.0,100.0,85.73,1,3
nile,MicroWatch(idx=6),100.0,100.0,100.0,88.8,1,3
nile,MicroWatch(idx=0),82.35,100.0,70.0,75.81,0,3
nile,MicroWatch(idx=2),82.35,100.0,70.0,75.81,0,3
nile,MicroWatch(idx=3),82.35,100.0,70.0,75.81,0,3
nile,BOCPD,82.35,100.0,70.0,75.81,0,3
nile,PELT,82.35,100.0,70.0,75.81,0,3
nile,CUSUM,58.33,50.0,70.0,70.47,1,3
occupancy,MicroWatch(idx=1),93.22,92.86,93.59,52.69,13,31
occupancy,MicroWatch(idx=4),90.37,100.0,82.44,66.75,6,31
occupancy,MicroWatch(idx=6),89.93,90.91,88.97,58.18,10,31
occupancy,MicroWatch(idx=3),81.9,83.33,80.51,54.7,11,31
occupancy,MicroWatch(idx=5),75.15,77.78,72.69,60.93,8,31
occupancy,MicroWatch(idx=2),64.28,62.5,66.15,58.96,7,31
occupancy,MicroWatch(idx=0),34.08,100.0,20.54,23.56,0,31
ozone,MicroWatch(idx=1),96.55,100.0,93.33,85.19,1,5
ozone,MicroWatch(idx=2),96.55,100.0,93.33,85.19,1,5
ozone,MicroWatch(idx=3),96.55,100.0,93.33,85.19,1,5
ozone,MicroWatch(idx=4),96.55,100.0,93.33,85.19,1,5
ozone,MicroWatch(idx=5),96.55,100.0,93.33,85.19,1,5
ozone,MicroWatch(idx=6),96.55,100.0,93.33,85.19,1,5
ozone,BOCPD,96.55,100.0,93.33,82.82,1,5
ozone,MicroWatch(idx=0),72.34,100.0,56.67,57.37,0,5
ozone,PELT,72.34,100.0,56.67,57.37,0,5
ozone,CUSUM,53.12,50.0,56.67,53.87,1,5
quality_control_1,MicroWatch(idx=1),100.0,100.0,100.0,99.62,1,5
quality_control_1,MicroWatch(idx=4),100.0,100.0,100.0,99.24,1,5
quality_control_1,BOCPD,100.0,100.0,100.0,97.98,1,5
quality_control_1,PELT,100.0,100.0,100.0,99.62,1,5
quality_control_1,MicroWatch(idx=5),80.0,66.67,100.0,88.78,2,5
quality_control_1,MicroWatch(idx=0),66.67,100.0,50.0,50.31,0,5
quality_control_1,MicroWatch(idx=3),50.0,50.0,50.0,75.73,1,5
quality_control_1,MicroWatch(idx=6),40.0,33.33,50.0,77.0,2,5
quality_control_1,CUSUM,28.57,20.0,50.0,61.02,4,5
quality_control_1,MicroWatch(idx=2),14.29,8.33,50.0,17.25,11,5
quality_control_2,MicroWatch(idx=1),100.0,100.0,100.0,92.3,1,4
quality_control_2,MicroWatch(idx=4),100.0,100.0,100.0,92.23,1,4
quality_control_2,MicroWatch(idx=5),100.0,100.0,100.0,92.3,1,4
quality_control_2,MicroWatch(idx=6),100.0,100.0,100.0,92.3,1,4
quality_control_2,PELT,100.0,100.0,100.0,92.72,1,4
quality_control_2,BOCPD,94.74,100.0,90.0,90.78,1,4
quality_control_2,MicroWatch(idx=0),75.0,100.0,60.0,63.83,0,4
quality_control_2,MicroWatch(idx=3),75.0,100.0,60.0,63.83,0,4
quality_control_2,CUSUM,54.55,50.0,60.0,84.54,1,4
quality_control_2,MicroWatch(idx=2),23.08,14.29,60.0,27.99,6,4
quality_control_3,MicroWatch(idx=1),100.0,100.0,100.0,99.35,1,5
quality_control_3,MicroWatch(idx=5),100.0,100.0,100.0,99.35,1,5
quality_control_3,BOCPD,100.0,100.0,100.0,98.48,1,5
quality_control_3,PELT,100.0,100.0,100.0,99.67,1,5
quality_control_3,MicroWatch(idx=6),80.0,66.67,100.0,84.32,2,5
quality_control_3,MicroWatch(idx=0),66.67,100.0,50.0,50.03,0,5
quality_control_3,MicroWatch(idx=2),66.67,100.0,50.0,50.03,0,5
quality_control_3,MicroWatch(idx=3),50.0,50.0,50.0,47.69,1,5
quality_control_3,CUSUM,50.0,50.0,50.0,90.51,1,5
quality_control_3,MicroWatch(idx=4),28.12,16.67,90.0,19.67,11,5
quality_control_4,MicroWatch(idx=4),90.91,83.33,100.0,54.41,5,6
quality_control_4,MicroWatch(idx=0),78.05,100.0,64.0,67.27,0,6
quality_control_4,MicroWatch(idx=1),78.05,100.0,64.0,67.27,0,6
quality_control_4,MicroWatch(idx=3),78.05,100.0,64.0,67.27,0,6
quality_control_4,MicroWatch(idx=5),78.05,100.0,64.0,67.27,0,6
quality_control_4,BOCPD,78.05,100.0,64.0,67.27,0,6
quality_control_4,PELT,78.05,100.0,64.0,67.27,0,6
quality_control_4,MicroWatch(idx=6),62.12,50.0,82.0,53.64,5,6
quality_control_4,MicroWatch(idx=2),56.14,50.0,64.0,56.1,1,6
quality_control_4,CUSUM,40.24,28.57,68.0,39.64,6,6
quality_control_5,MicroWatch(idx=0),100.0,100.0,100.0,100.0,0,0
quality_control_5,MicroWatch(idx=1),100.0,100.0,100.0,100.0,0,0
quality_control_5,MicroWatch(idx=2),100.0,100.0,100.0,100.0,0,0
quality_control_5,MicroWatch(idx=3),100.0,100.0,100.0,100.0,0,0
quality_control_5,MicroWatch(idx=4),100.0,100.0,100.0,100.0,0,0
quality_control_5,MicroWatch(idx=6),100.0,100.0,100.0,100.0,0,0
quality_control_5,BOCPD,100.0,100.0,100.0,100.0,0,0
quality_control_5,PELT,100.0,100.0,100.0,100.0,0,0
quality_control_5,MicroWatch(idx=5),66.67,50.0,100.0,90.15,1,0
quality_control_5,CUSUM,66.67,50.0,100.0,76.31,1,0
rail_lines,MicroWatch(idx=1),96.55,100.0,93.33,78.47,2,9
rail_lines,MicroWatch(idx=2),96.55,100.0,93.33,78.47,2,9
rail_lines,MicroWatch(idx=3),96.55,100.0,93.33,78.47,2,9
rail_lines,MicroWatch(idx=4),96.55,100.0,93.33,80.19,2,9
rail_lines,MicroWatch(idx=6),96.55,100.0,93.33,78.47,2,9
rail_lines,MicroWatch(idx=5),84.62,100.0,73.33,78.64,1,9
rail_lines,MicroWatch(idx=0),53.66,100.0,36.67,42.82,0,9
rail_lines,BOCPD,53.66,100.0,36.67,42.82,0,9
rail_lines,CUSUM,53.66,100.0,36.67,42.82,0,9
rail_lines,PELT,53.66,100.0,36.67,42.82,0,9
ratner_stock,BOCPD,86.79,100.0,76.67,90.45,2,8
ratner_stock,MicroWatch(idx=1),84.62,100.0,73.33,87.14,1,8
ratner_stock,MicroWatch(idx=4),82.35,100.0,70.0,90.65,2,8
ratner_stock,PELT,82.35,100.0,70.0,91.22,2,8
ratner_stock,MicroWatch(idx=2),77.55,100.0,63.33,87.11,1,8
ratner_stock,MicroWatch(idx=3),58.33,50.0,70.0,61.91,5,8
ratner_stock,MicroWatch(idx=0),57.14,100.0,40.0,45.03,0,8
ratner_stock,MicroWatch(idx=5),44.44,50.0,40.0,68.54,1,8
ratner_stock,MicroWatch(idx=6),34.46,22.22,76.67,34.83,17,8
ratner_stock,CUSUM,32.81,21.43,70.0,23.64,13,8
robocalls,MicroWatch(idx=1),100.0,100.0,100.0,74.23,3,8
robocalls,MicroWatch(idx=2),96.55,100.0,93.33,77.13,2,8
robocalls,MicroWatch(idx=3),96.55,100.0,93.33,80.77,2,8
robocalls,MicroWatch(idx=4),96.55,100.0,93.33,77.13,2,8
robocalls,MicroWatch(idx=5),96.55,100.0,93.33,77.61,2,8
robocalls,MicroWatch(idx=6),80.0,100.0,66.67,66.8,1,8
robocalls,CUSUM,80.0,100.0,66.67,66.55,1,8
robocalls,MicroWatch(idx=0),63.64,100.0,46.67,60.06,0,8
robocalls,BOCPD,63.64,100.0,46.67,60.06,0,8
robocalls,PELT,63.64,100.0,46.67,60.06,0,8
run_log,MicroWatch(idx=1),93.83,90.0,98.0,78.43,9,33
run_log,MicroWatch(idx=4),73.98,70.0,78.44,61.69,9,33
run_log,MicroWatch(idx=5),56.21,55.56,56.89,60.99,8,33
run_log,MicroWatch(idx=2),54.24,37.5,98.0,31.42,23,33
run_log,MicroWatch(idx=6),54.24,37.5,98.0,31.42,23,33
run_log,MicroWatch(idx=3),47.92,50.0,46.0,51.08,5,33
run_log,MicroWatch(idx=0),44.56,100.0,28.67,30.35,0,33
scanline_126007,PELT,87.91,88.89,86.96,50.72,8,26
scanline_126007,BOCPD,85.76,100.0,75.07,69.51,1,26
scanline_126007,MicroWatch(idx=4),80.14,80.0,80.29,49.35,9,26
scanline_126007,MicroWatch(idx=6),74.92,66.67,85.51,35.24,20,26
scanline_126007,MicroWatch(idx=1),70.62,66.67,75.07,62.34,2,26
scanline_126007,MicroWatch(idx=5),65.23,100.0,48.41,63.12,1,26
scanline_126007,MicroWatch(idx=0),64.44,100.0,47.54,50.27,0,26
scanline_126007,MicroWatch(idx=2),64.44,100.0,47.54,50.27,0,26
scanline_126007,MicroWatch(idx=3),64.44,100.0,47.54,50.27,0,26
scanline_126007,CUSUM,42.16,36.36,50.14,26.01,10,26
scanline_42049,PELT,96.23,100.0,92.73,89.59,7,33
scanline_42049,MicroWatch(idx=1),87.37,88.89,85.91,84.07,8,33
scanline_42049,MicroWatch(idx=4),83.08,87.5,79.09,80.42,7,33
scanline_42049,MicroWatch(idx=5),74.03,83.33,66.59,67.95,5,33
scanline_42049,BOCPD,71.84,100.0,56.06,69.81,7,33
scanline_42049,MicroWatch(idx=2),63.99,71.43,57.95,67.71,6,33
scanline_42049,MicroWatch(idx=6),56.02,80.0,43.11,75.76,4,33
scanline_42049,MicroWatch(idx=3),40.39,100.0,25.3,30.4,1,33
scanline_42049,CUSUM,31.34,30.0,32.8,59.56,9,33
scanline_42049,MicroWatch(idx=0),27.56,100.0,15.98,21.13,0,33
seatbelts,MicroWatch(idx=1),97.44,100.0,95.0,86.5,2,9
seatbelts,MicroWatch(idx=4),97.44,100.0,95.0,86.98,2,9
seatbelts,MicroWatch(idx=3),83.82,75.0,95.0,80.93,3,9
seatbelts,MicroWatch(idx=6),82.35,100.0,70.0,62.48,1,9
seatbelts,BOCPD,82.35,100.0,70.0,59.95,1,9
seatbelts,MicroWatch(idx=5),68.29,66.67,70.0,55.9,2,9
seatbelts,PELT,68.29,66.67,70.0,80.01,2,9
seatbelts,MicroWatch(idx=0),62.07,100.0,45.0,52.84,0,9
seatbelts,MicroWatch(idx=2),62.07,100.0,45.0,52.84,0,9
seatbelts,CUSUM,32.14,25.0,45.0,64.06,3,9
shanghai_license,MicroWatch(idx=1),96.55,100.0,93.33,93.04,1,6
shanghai_license,MicroWatch(idx=4),77.78,66.67,93.33,69.71,2,6
shanghai_license,MicroWatch(idx=5),77.78,66.67,93.33,69.71,2,6
shanghai_license,MicroWatch(idx=6),77.78,66.67,93.33,69.71,2,6
shanghai_license,BOCPD,73.04,60.0,93.33,68.76,4,6
shanghai_license,PELT,71.32,66.67,76.67,66.27,2,6
shanghai_license,MicroWatch(idx=0),63.64,100.0,46.67,54.71,0,6
shanghai_license,CUSUM,55.88,50.0,63.33,52.77,3,6
shanghai_license,MicroWatch(idx=3),48.28,50.0,46.67,73.77,1,6
shanghai_license,MicroWatch(idx=2),38.89,33.33,46.67,59.68,2,6
uk_coal_employ,MicroWatch(idx=0),51.33,100.0,34.52,35.65,0,19
uk_coal_employ,MicroWatch(idx=2),51.33,100.0,34.52,35.65,0,19
uk_coal_employ,MicroWatch(idx=3),51.33,100.0,34.52,35.65,0,19
uk_coal_employ,MicroWatch(idx=4),51.33,100.0,34.52,35.65,0,19
uk_coal_employ,MicroWatch(idx=5),51.33,100.0,34.52,35.65,0,19
uk_coal_employ,MicroWatch(idx=6),51.33,100.0,34.52,35.65,0,19
uk_coal_employ,BOCPD,51.33,100.0,34.52,35.65,0,19
uk_coal_employ,CUSUM,51.33,100.0,34.52,35.65,0,19
uk_coal_employ,PELT,51.33,100.0,34.52,35.65,0,19
uk_coal_employ,MicroWatch(idx=1),40.85,50.0,34.52,37.13,1,19
unemployment_nl,BOCPD,91.3,100.0,84.0,63.14,6,20
unemployment_nl,MicroWatch(idx=1),87.64,100.0,78.0,65.96,3,20
unemployment_nl,MicroWatch(idx=5),79.52,100.0,66.0,54.61,3,20
unemployment_nl,MicroWatch(idx=4),78.99,80.0,78.0,60.35,4,20
unemployment_nl,MicroWatch(idx=3),73.82,100.0,58.5,57.15,2,20
unemployment_nl,MicroWatch(idx=2),69.71,100.0,53.5,48.14,2,20
unemployment_nl,PELT,69.71,100.0,53.5,64.25,2,20
unemployment_nl,CUSUM,60.71,75.0,51.0,41.19,3,20
unemployment_nl,MicroWatch(idx=6),58.61,45.45,82.5,41.5,10,20
unemployment_nl,MicroWatch(idx=0),56.63,100.0,39.5,50.66,0,20
us_population,MicroWatch(idx=0),88.89,100.0,80.0,80.34,0,2
us_population,BOCPD,88.89,100.0,80.0,80.34,0,2
us_population,PELT,88.89,100.0,80.0,80.34,0,2
us_population,MicroWatch(idx=1),66.67,50.0,100.0,42.03,3,2
us_population,MicroWatch(idx=4),50.0,33.33,100.0,28.6,5,2
us_population,MicroWatch(idx=2),38.1,25.0,80.0,47.35,3,2
us_population,MicroWatch(idx=3),38.1,25.0,80.0,44.36,3,2
us_population,MicroWatch(idx=5),38.1,25.0,80.0,39.21,3,2
us_population,CUSUM,8.6,4.55,80.0,6.52,21,2
us_population,MicroWatch(idx=6),4.23,2.17,80.0,3.09,45,2
usd_isk,MicroWatch(idx=0),84.84,100.0,73.67,84.07,2,12
usd_isk,MicroWatch(idx=1),84.84,100.0,73.67,83.64,2,12
usd_isk,MicroWatch(idx=3),84.84,100.0,73.67,83.64,2,12
usd_isk,MicroWatch(idx=4),84.84,100.0,73.67,83.64,2,12
usd_isk,MicroWatch(idx=6),84.84,100.0,73.67,83.64,2,12
usd_isk,PELT,78.54,100.0,64.67,85.77,1,12
usd_isk,CUSUM,66.13,60.0,73.67,63.86,4,12
usd_isk,MicroWatch(idx=2),54.2,66.67,45.67,74.22,2,12
usd_isk,BOCPD,48.87,100.0,32.33,43.63,0,12
usd_isk,MicroWatch(idx=5),39.27,50.0,32.33,60.77,1,12
well_log,MicroWatch(idx=1),93.05,93.33,92.78,82.44,14,48
well_log,MicroWatch(idx=4),77.51,76.92,78.11,73.96,12,48
well_log,MicroWatch(idx=5),64.15,100.0,47.22,70.86,4,48
well_log,MicroWatch(idx=2),49.1,42.11,58.89,48.16,18,48
well_log,MicroWatch(idx=3),45.76,100.0,29.67,47.43,2,48
well_log,BOCPD,42.38,100.0,26.89,46.46,1,48
well_log,MicroWatch(idx=6),39.7,60.0,29.67,63.64,4,48
well_log,MicroWatch(idx=0),23.7,100.0,13.44,22.46,0,48
well_log,PELT,23.7,100.0,13.44,22.46,0,48
well_log,CUSUM,19.16,33.33,13.44,63.66,2,48
