Dataset,Algorithm,Windows (ms),Ubuntu (ms),Raspberry Pi (ms)
apple,MicroWatch(idx=0),0.034,0.024,0.151
apple,MicroWatch(idx=1),0.04,0.022,0.121
apple,MicroWatch(idx=2),0.034,0.02,0.122
apple,MicroWatch(idx=3),0.035,0.019,0.138
apple,MicroWatch(idx=4),0.187,0.103,0.677
apple,MicroWatch(idx=5),0.119,0.072,0.438
apple,MicroWatch(idx=6),0.069,0.041,0.265
apple,PELT,49.002,36.711,193.952
bank,BOCPD,10.66,13.417,102.882
bank,CUSUM,0.013,0.013,0.089
bank,MicroWatch(idx=0),0.023,0.024,0.157
bank,MicroWatch(idx=1),0.024,0.025,0.147
bank,MicroWatch(idx=2),0.019,0.021,0.125
bank,MicroWatch(idx=3),0.018,0.02,0.138
bank,MicroWatch(idx=4),0.027,0.03,0.19
bank,MicroWatch(idx=5),0.034,0.04,0.229
bank,MicroWatch(idx=6),0.028,0.031,0.182
bank,PELT,23.595,28.692,142.23
bee_waggle_6,MicroWatch(idx=0),0.047,0.055,0.339
bee_waggle_6,MicroWatch(idx=1),0.026,0.026,0.136
bee_waggle_6,MicroWatch(idx=2),0.037,0.038,0.208
bee_waggle_6,MicroWatch(idx=3),0.039,0.042,0.317
bee_waggle_6,MicroWatch(idx=4),0.07,0.072,0.462
bee_waggle_6,MicroWatch(idx=5),0.144,0.164,0.969
bee_waggle_6,MicroWatch(idx=6),0.026,0.029,0.169
bee_waggle_6,PELT,27.655,34.183,157.292
bitcoin,BOCPD,19.32,22.857,180.078
bitcoin,CUSUM,0.012,0.012,0.086
bitcoin,MicroWatch(idx=0),0.036,0.04,0.259
bitcoin,MicroWatch(idx=1),0.04,0.039,0.207
bitcoin,MicroWatch(idx=2),0.033,0.038,0.217
bitcoin,MicroWatch(idx=3),0.049,0.057,0.381
bitcoin,MicroWatch(idx=4),0.055,0.063,0.375
bitcoin,MicroWatch(idx=5),0.049,0.037,0.233
bitcoin,MicroWatch(idx=6),0.031,0.032,0.189
bitcoin,PELT,51.416,55.191,282.796
brent_spot,BOCPD,8.085,8.889,76.646
brent_spot,CUSUM,0.009,0.008,0.063
brent_spot,MicroWatch(idx=0),0.042,0.047,0.284
brent_spot,MicroWatch(idx=1),0.079,0.075,0.416
brent_spot,MicroWatch(idx=2),0.021,0.022,0.141
brent_spot,MicroWatch(idx=3),0.021,0.023,0.159
brent_spot,MicroWatch(idx=4),0.044,0.046,0.29
brent_spot,MicroWatch(idx=5),0.029,0.03,0.182
brent_spot,MicroWatch(idx=6),0.031,0.032,0.198
brent_spot,PELT,22.767,24.586,132.082
businv,BOCPD,3.97,4.763,33.769
businv,CUSUM,0.004,0.004,0.028
businv,MicroWatch(idx=0),0.03,0.031,0.197
businv,MicroWatch(idx=1),0.038,0.036,0.197
businv,MicroWatch(idx=2),0.034,0.038,0.228
businv,MicroWatch(idx=3),0.046,0.049,0.364
businv,MicroWatch(idx=4),0.056,0.061,0.375
businv,MicroWatch(idx=5),0.078,0.092,0.543
businv,MicroWatch(idx=6),0.026,0.029,0.152
businv,PELT,7.71,10.544,44.804
centralia,BOCPD,0.012,0.012,0.094
centralia,CUSUM,0.001,0.001,0.003
centralia,MicroWatch(idx=0),0.005,0.007,0.026
centralia,MicroWatch(idx=1),0.004,0.003,0.011
centralia,MicroWatch(idx=2),0.002,0.002,0.012
centralia,MicroWatch(idx=3),0.002,0.002,0.01
centralia,MicroWatch(idx=4),0.002,0.005,0.013
centralia,MicroWatch(idx=5),0.005,0.015,0.019
centralia,MicroWatch(idx=6),0.001,0.001,0.006
centralia,PELT,0.016,0.016,0.083
children_per_woman,BOCPD,2.933,4.365,28.244
children_per_woman,CUSUM,0.003,0.004,0.024
children_per_woman,MicroWatch(idx=0),0.015,0.018,0.111
children_per_woman,MicroWatch(idx=1),0.053,0.054,0.299
children_per_woman,MicroWatch(idx=2),0.029,0.031,0.182
children_per_woman,MicroWatch(idx=3),0.045,0.049,0.351
children_per_woman,MicroWatch(idx=4),0.112,0.127,0.777
children_per_woman,MicroWatch(idx=5),0.027,0.03,0.205
children_per_woman,MicroWatch(idx=6),0.035,0.038,0.224
children_per_woman,PELT,5.822,6.752,35.368
co2_canada,BOCPD,1.487,1.626,14.475
co2_canada,CUSUM,0.003,0.003,0.018
co2_canada,MicroWatch(idx=0),0.019,0.019,0.13
co2_canada,MicroWatch(idx=1),0.028,0.08,0.114
co2_canada,MicroWatch(idx=2),0.015,0.014,0.077
co2_canada,MicroWatch(idx=3),0.015,0.016,0.098
co2_canada,MicroWatch(idx=4),0.033,0.036,0.198
co2_canada,MicroWatch(idx=5),0.048,0.018,0.093
co2_canada,MicroWatch(idx=6),0.026,0.025,0.146
co2_canada,PELT,3.549,3.567,18.717
construction,BOCPD,3.351,4.058,31.666
construction,CUSUM,0.005,0.005,0.036
construction,MicroWatch(idx=0),0.035,0.037,0.228
construction,MicroWatch(idx=1),0.079,0.078,0.41
construction,MicroWatch(idx=2),0.038,0.042,0.237
construction,MicroWatch(idx=3),0.05,0.054,0.375
construction,MicroWatch(idx=4),0.102,0.111,0.656
construction,MicroWatch(idx=5),0.038,0.041,0.227
construction,MicroWatch(idx=6),0.03,0.033,0.157
construction,PELT,7.36,8.881,41.672
debt_ireland,BOCPD,0.019,0.019,0.162
debt_ireland,CUSUM,0.001,0.001,0.004
debt_ireland,MicroWatch(idx=0),0.005,0.006,0.035
debt_ireland,MicroWatch(idx=1),0.003,0.003,0.015
debt_ireland,MicroWatch(idx=2),0.002,0.002,0.013
debt_ireland,MicroWatch(idx=3),0.002,0.002,0.014
debt_ireland,MicroWatch(idx=4),0.002,0.003,0.018
debt_ireland,MicroWatch(idx=5),0.003,0.004,0.019
debt_ireland,MicroWatch(idx=6),0.03,0.002,0.013
debt_ireland,PELT,0.018,0.019,0.094
gdp_argentina,BOCPD,0.117,0.143,1.107
gdp_argentina,CUSUM,0.001,0.001,0.005
gdp_argentina,MicroWatch(idx=0),0.006,0.007,0.026
gdp_argentina,MicroWatch(idx=1),0.006,0.006,0.026
gdp_argentina,MicroWatch(idx=2),0.004,0.004,0.023
gdp_argentina,MicroWatch(idx=3),0.004,0.005,0.031
gdp_argentina,MicroWatch(idx=4),0.005,0.005,0.03
gdp_argentina,MicroWatch(idx=5),0.004,0.005,0.025
gdp_argentina,MicroWatch(idx=6),0.004,0.004,0.022
gdp_argentina,PELT,0.214,0.307,1.117
gdp_croatia,BOCPD,0.022,0.023,0.196
gdp_croatia,CUSUM,0.001,0.001,0.003
gdp_croatia,MicroWatch(idx=0),0.004,0.005,0.017
gdp_croatia,MicroWatch(idx=1),0.005,0.003,0.013
gdp_croatia,MicroWatch(idx=2),0.005,0.002,0.012
gdp_croatia,MicroWatch(idx=3),0.003,0.002,0.013
gdp_croatia,MicroWatch(idx=4),0.003,0.002,0.014
gdp_croatia,MicroWatch(idx=5),0.002,0.002,0.013
gdp_croatia,MicroWatch(idx=6),0.002,0.002,0.012
gdp_croatia,PELT,0.02,0.019,0.088
gdp_iran,BOCPD,0.118,0.127,1.077
gdp_iran,CUSUM,0.001,0.001,0.007
gdp_iran,MicroWatch(idx=0),0.014,0.017,0.103
gdp_iran,MicroWatch(idx=1),0.009,0.01,0.045
gdp_iran,MicroWatch(idx=2),0.005,0.005,0.026
gdp_iran,MicroWatch(idx=3),0.007,0.007,0.043
gdp_iran,MicroWatch(idx=4),0.012,0.013,0.075
gdp_iran,MicroWatch(idx=5),0.008,0.008,0.047
gdp_iran,MicroWatch(idx=6),0.004,0.004,0.024
gdp_iran,PELT,0.091,0.093,0.439
gdp_japan,BOCPD,0.117,0.246,1.098
gdp_japan,CUSUM,0.001,0.002,0.006
gdp_japan,MicroWatch(idx=0),0.005,0.036,0.027
gdp_japan,MicroWatch(idx=1),0.004,0.008,0.024
gdp_japan,MicroWatch(idx=2),0.004,0.007,0.023
gdp_japan,MicroWatch(idx=3),0.003,0.006,0.022
gdp_japan,MicroWatch(idx=4),0.004,0.008,0.027
gdp_japan,MicroWatch(idx=5),0.004,0.008,0.026
gdp_japan,MicroWatch(idx=6),0.003,0.006,0.02
gdp_japan,PELT,0.241,0.525,1.365
global_co2,BOCPD,0.365,0.507,3.401
global_co2,CUSUM,0.002,0.002,0.01
global_co2,MicroWatch(idx=0),0.012,0.013,0.089
global_co2,MicroWatch(idx=1),0.012,0.013,0.067
global_co2,MicroWatch(idx=2),0.011,0.012,0.074
global_co2,MicroWatch(idx=3),0.011,0.012,0.082
global_co2,MicroWatch(idx=4),0.02,0.026,0.145
global_co2,MicroWatch(idx=5),0.016,0.018,0.11
global_co2,MicroWatch(idx=6),0.008,0.006,0.054
global_co2,PELT,0.731,0.76,4.232
homeruns,BOCPD,0.451,0.495,4.376
homeruns,CUSUM,0.001,0.002,0.012
homeruns,MicroWatch(idx=0),0.03,0.036,0.217
homeruns,MicroWatch(idx=1),0.021,0.023,0.116
homeruns,MicroWatch(idx=2),0.008,0.009,0.045
homeruns,MicroWatch(idx=3),0.01,0.01,0.068
homeruns,MicroWatch(idx=4),0.024,0.027,0.152
homeruns,MicroWatch(idx=5),0.012,0.014,0.079
homeruns,MicroWatch(idx=6),0.008,0.009,0.046
homeruns,PELT,1.047,1.024,5.554
iceland_tourism,BOCPD,1.274,1.853,12.347
iceland_tourism,CUSUM,0.004,0.004,0.023
iceland_tourism,MicroWatch(idx=0),0.015,0.018,0.102
iceland_tourism,MicroWatch(idx=1),0.013,0.014,0.065
iceland_tourism,MicroWatch(idx=2),0.019,0.022,0.117
iceland_tourism,MicroWatch(idx=3),0.032,0.036,0.234
iceland_tourism,MicroWatch(idx=4),0.05,0.058,0.346
iceland_tourism,MicroWatch(idx=5),0.04,0.046,0.257
iceland_tourism,MicroWatch(idx=6),0.025,0.027,0.153
iceland_tourism,PELT,2.721,3.463,15.529
jfk_passengers,BOCPD,7.443,8.507,67.352
jfk_passengers,CUSUM,0.013,0.013,0.089
jfk_passengers,MicroWatch(idx=0),0.023,0.025,0.139
jfk_passengers,MicroWatch(idx=1),0.036,0.038,0.206
jfk_passengers,MicroWatch(idx=2),0.015,0.017,0.101
jfk_passengers,MicroWatch(idx=3),0.016,0.018,0.117
jfk_passengers,MicroWatch(idx=4),0.03,0.034,0.197
jfk_passengers,MicroWatch(idx=5),0.02,0.023,0.131
jfk_passengers,MicroWatch(idx=6),0.022,0.024,0.132
jfk_passengers,PELT,15.793,15.929,91.215
lga_passengers,BOCPD,6.921,9.025,67.333
lga_passengers,CUSUM,0.008,0.008,0.057
lga_passengers,MicroWatch(idx=0),0.019,0.021,0.131
lga_passengers,MicroWatch(idx=1),0.112,0.114,0.611
lga_passengers,MicroWatch(idx=2),0.026,0.032,0.167
lga_passengers,MicroWatch(idx=3),0.062,0.092,0.49
lga_passengers,MicroWatch(idx=4),0.067,0.143,0.406
lga_passengers,MicroWatch(idx=5),0.023,0.026,0.144
lga_passengers,MicroWatch(idx=6),0.034,0.04,0.207
lga_passengers,PELT,17.201,20.495,99.906
measles,BOCPD,30.967,36.017,292.149
measles,CUSUM,0.025,0.011,0.075
measles,MicroWatch(idx=0),0.041,0.047,0.293
measles,MicroWatch(idx=1),0.047,0.047,0.263
measles,MicroWatch(idx=2),0.049,0.055,0.343
measles,MicroWatch(idx=3),0.042,0.043,0.306
measles,MicroWatch(idx=4),0.061,0.066,0.428
measles,MicroWatch(idx=5),0.075,0.082,0.497
measles,MicroWatch(idx=6),0.035,0.039,0.236
measles,PELT,84.735,101.986,506.711
nile,BOCPD,0.339,0.408,3.174
nile,CUSUM,0.002,0.002,0.013
nile,MicroWatch(idx=0),0.021,0.011,0.067
nile,MicroWatch(idx=1),0.015,0.128,0.044
nile,MicroWatch(idx=2),0.013,0.012,0.066
nile,MicroWatch(idx=3),0.012,0.011,0.078
nile,MicroWatch(idx=4),0.027,0.027,0.166
nile,MicroWatch(idx=5),0.008,0.008,0.044
nile,MicroWatch(idx=6),0.007,0.008,0.039
nile,PELT,0.222,0.259,1.11
occupancy,MicroWatch(idx=0),0.029,0.035,0.231
occupancy,MicroWatch(idx=1),0.033,0.046,0.187
occupancy,MicroWatch(idx=2),0.045,0.051,0.286
occupancy,MicroWatch(idx=3),0.076,0.086,0.614
occupancy,MicroWatch(idx=4),0.101,0.111,0.735
occupancy,MicroWatch(idx=5),0.131,0.152,0.914
occupancy,MicroWatch(idx=6),0.069,0.076,0.414
occupancy,PELT,24.27,25.466,148.971
ozone,BOCPD,0.107,0.104,0.963
ozone,CUSUM,0.002,0.001,0.009
ozone,MicroWatch(idx=0),0.005,0.006,0.031
ozone,MicroWatch(idx=1),0.006,0.005,0.025
ozone,MicroWatch(idx=2),0.006,0.004,0.021
ozone,MicroWatch(idx=3),0.004,0.003,0.022
ozone,MicroWatch(idx=4),0.004,0.004,0.025
ozone,MicroWatch(idx=5),0.004,0.004,0.025
ozone,MicroWatch(idx=6),0.003,0.003,0.02
ozone,PELT,0.068,0.067,0.335
quality_control_1,BOCPD,3.481,3.711,30.481
quality_control_1,CUSUM,0.006,0.007,0.049
quality_control_1,MicroWatch(idx=0),0.013,0.013,0.085
quality_control_1,MicroWatch(idx=1),0.019,0.02,0.103
quality_control_1,MicroWatch(idx=2),0.018,0.02,0.117
quality_control_1,MicroWatch(idx=3),0.015,0.016,0.101
quality_control_1,MicroWatch(idx=4),0.06,0.141,0.415
quality_control_1,MicroWatch(idx=5),0.015,0.017,0.099
quality_control_1,MicroWatch(idx=6),0.013,0.014,0.08
quality_control_1,PELT,7.889,8.687,46.541
quality_control_2,BOCPD,2.647,2.923,24.96
quality_control_2,CUSUM,0.01,0.009,0.068
quality_control_2,MicroWatch(idx=0),0.026,0.025,0.143
quality_control_2,MicroWatch(idx=1),0.016,0.016,0.088
quality_control_2,MicroWatch(idx=2),0.017,0.018,0.097
quality_control_2,MicroWatch(idx=3),0.022,0.023,0.146
quality_control_2,MicroWatch(idx=4),0.02,0.021,0.121
quality_control_2,MicroWatch(idx=5),0.014,0.016,0.09
quality_control_2,MicroWatch(idx=6),0.017,0.019,0.104
quality_control_2,PELT,7.563,15.615,40.961
quality_control_3,BOCPD,4.272,4.873,41.324
quality_control_3,CUSUM,0.016,0.014,0.1
quality_control_3,MicroWatch(idx=0),0.027,0.028,0.171
quality_control_3,MicroWatch(idx=1),0.027,0.027,0.141
quality_control_3,MicroWatch(idx=2),0.029,0.031,0.195
quality_control_3,MicroWatch(idx=3),0.012,0.013,0.083
quality_control_3,MicroWatch(idx=4),0.036,0.034,0.203
quality_control_3,MicroWatch(idx=5),0.021,0.019,0.116
quality_control_3,MicroWatch(idx=6),0.017,0.014,0.087
quality_control_3,PELT,10.758,11.277,61.2
quality_control_4,BOCPD,9.038,10.21,76.653
quality_control_4,CUSUM,0.011,0.011,0.078
quality_control_4,MicroWatch(idx=0),0.033,0.036,0.213
quality_control_4,MicroWatch(idx=1),0.026,0.024,0.124
quality_control_4,MicroWatch(idx=2),0.021,0.021,0.12
quality_control_4,MicroWatch(idx=3),0.023,0.022,0.15
quality_control_4,MicroWatch(idx=4),0.051,0.051,0.296
quality_control_4,MicroWatch(idx=5),0.045,0.046,0.255
quality_control_4,MicroWatch(idx=6),0.024,0.023,0.13
quality_control_4,PELT,18.639,19.285,105.779
quality_control_5,BOCPD,3.53,4.428,32.784
quality_control_5,CUSUM,0.015,0.015,0.095
quality_control_5,MicroWatch(idx=0),0.044,0.075,0.255
quality_control_5,MicroWatch(idx=1),0.019,0.028,0.09
quality_control_5,MicroWatch(idx=2),0.023,0.04,0.137
quality_control_5,MicroWatch(idx=3),0.013,0.024,0.079
quality_control_5,MicroWatch(idx=4),0.02,0.03,0.101
quality_control_5,MicroWatch(idx=5),0.029,0.031,0.106
quality_control_5,MicroWatch(idx=6),0.013,0.02,0.068
quality_control_5,PELT,7.861,10.464,45.435
rail_lines,BOCPD,0.055,0.053,0.457
rail_lines,CUSUM,0.001,0.001,0.005
rail_lines,MicroWatch(idx=0),0.008,0.007,0.032
rail_lines,MicroWatch(idx=1),0.008,0.005,0.025
rail_lines,MicroWatch(idx=2),0.007,0.004,0.023
rail_lines,MicroWatch(idx=3),0.007,0.004,0.025
rail_lines,MicroWatch(idx=4),0.008,0.006,0.032
rail_lines,MicroWatch(idx=5),0.009,0.006,0.031
rail_lines,MicroWatch(idx=6),0.008,0.004,0.022
rail_lines,PELT,0.042,0.097,0.19
ratner_stock,BOCPD,12.286,13.571,109.447
ratner_stock,CUSUM,0.007,0.007,0.05
ratner_stock,MicroWatch(idx=0),0.026,0.027,0.184
ratner_stock,MicroWatch(idx=1),0.03,0.028,0.17
ratner_stock,MicroWatch(idx=2),0.028,0.03,0.213
ratner_stock,MicroWatch(idx=3),0.022,0.021,0.159
ratner_stock,MicroWatch(idx=4),0.027,0.027,0.186
ratner_stock,MicroWatch(idx=5),0.063,0.121,0.416
ratner_stock,MicroWatch(idx=6),0.066,0.138,0.404
ratner_stock,PELT,26.759,27.735,159.884
robocalls,BOCPD,0.092,0.101,0.869
robocalls,CUSUM,0.002,0.001,0.005
robocalls,MicroWatch(idx=0),0.008,0.009,0.044
robocalls,MicroWatch(idx=1),0.011,0.009,0.043
robocalls,MicroWatch(idx=2),0.008,0.005,0.029
robocalls,MicroWatch(idx=3),0.005,0.005,0.033
robocalls,MicroWatch(idx=4),0.009,0.009,0.055
robocalls,MicroWatch(idx=5),0.009,0.009,0.051
robocalls,MicroWatch(idx=6),0.004,0.004,0.02
robocalls,PELT,0.082,0.071,0.328
run_log,MicroWatch(idx=0),0.012,0.013,0.084
run_log,MicroWatch(idx=1),0.033,0.032,0.175
run_log,MicroWatch(idx=2),0.023,0.023,0.135
run_log,MicroWatch(idx=3),0.036,0.038,0.293
run_log,MicroWatch(idx=4),0.043,0.045,0.298
run_log,MicroWatch(idx=5),0.062,0.142,0.429
run_log,MicroWatch(idx=6),0.021,0.024,0.131
run_log,PELT,12.5,14.463,68.098
scanline_126007,BOCPD,7.636,9.235,70.694
scanline_126007,CUSUM,0.007,0.007,0.046
scanline_126007,MicroWatch(idx=0),0.022,0.023,0.144
scanline_126007,MicroWatch(idx=1),0.028,0.025,0.135
scanline_126007,MicroWatch(idx=2),0.022,0.02,0.112
scanline_126007,MicroWatch(idx=3),0.021,0.023,0.148
scanline_126007,MicroWatch(idx=4),0.085,0.087,0.496
scanline_126007,MicroWatch(idx=5),0.048,0.057,0.315
scanline_126007,MicroWatch(idx=6),0.029,0.032,0.168
scanline_126007,PELT,19.062,20.217,112.567
scanline_42049,BOCPD,7.574,13.522,71.037
scanline_42049,CUSUM,0.008,0.008,0.053
scanline_42049,MicroWatch(idx=0),0.035,0.03,0.198
scanline_42049,MicroWatch(idx=1),0.061,0.053,0.307
scanline_42049,MicroWatch(idx=2),0.041,0.038,0.234
scanline_42049,MicroWatch(idx=3),0.033,0.035,0.257
scanline_42049,MicroWatch(idx=4),0.137,0.143,0.911
scanline_42049,MicroWatch(idx=5),0.06,0.063,0.385
scanline_42049,MicroWatch(idx=6),0.05,0.05,0.312
scanline_42049,PELT,17.146,24.538,103.861
seatbelts,BOCPD,1.207,1.771,11.484
seatbelts,CUSUM,0.004,0.004,0.026
seatbelts,MicroWatch(idx=0),0.01,0.011,0.062
seatbelts,MicroWatch(idx=1),0.021,0.021,0.104
seatbelts,MicroWatch(idx=2),0.017,0.018,0.104
seatbelts,MicroWatch(idx=3),0.009,0.01,0.059
seatbelts,MicroWatch(idx=4),0.016,0.017,0.094
seatbelts,MicroWatch(idx=5),0.013,0.013,0.072
seatbelts,MicroWatch(idx=6),0.015,0.017,0.094
seatbelts,PELT,2.827,2.89,15.705
shanghai_license,BOCPD,1.469,2.267,12.988
shanghai_license,CUSUM,0.003,0.003,0.025
shanghai_license,MicroWatch(idx=0),0.023,0.044,0.114
shanghai_license,MicroWatch(idx=1),0.065,0.039,0.143
shanghai_license,MicroWatch(idx=2),0.044,0.147,0.151
shanghai_license,MicroWatch(idx=3),0.02,0.017,0.082
shanghai_license,MicroWatch(idx=4),0.022,0.015,0.083
shanghai_license,MicroWatch(idx=5),0.06,0.046,0.238
shanghai_license,MicroWatch(idx=6),0.019,0.014,0.067
shanghai_license,PELT,3.205,3.924,16.261
uk_coal_employ,BOCPD,0.604,0.348,3.282
uk_coal_employ,CUSUM,0.003,0.003,0.019
uk_coal_employ,MicroWatch(idx=0),0.007,0.006,0.043
uk_coal_employ,MicroWatch(idx=1),0.007,0.008,0.044
uk_coal_employ,MicroWatch(idx=2),0.012,0.012,0.073
uk_coal_employ,MicroWatch(idx=3),0.012,0.013,0.079
uk_coal_employ,MicroWatch(idx=4),0.013,0.014,0.094
uk_coal_employ,MicroWatch(idx=5),0.007,0.008,0.047
uk_coal_employ,MicroWatch(idx=6),0.004,0.004,0.027
uk_coal_employ,PELT,0.255,0.348,1.192
unemployment_nl,BOCPD,1.469,1.667,14.248
unemployment_nl,CUSUM,0.004,0.004,0.027
unemployment_nl,MicroWatch(idx=0),0.01,0.011,0.072
unemployment_nl,MicroWatch(idx=1),0.049,0.043,0.245
unemployment_nl,MicroWatch(idx=2),0.01,0.01,0.085
unemployment_nl,MicroWatch(idx=3),0.019,0.014,0.103
unemployment_nl,MicroWatch(idx=4),0.035,0.033,0.209
unemployment_nl,MicroWatch(idx=5),0.019,0.018,0.105
unemployment_nl,MicroWatch(idx=6),0.027,0.023,0.127
unemployment_nl,PELT,3.763,3.745,21.347
us_population,BOCPD,21.628,25.155,199.302
us_population,CUSUM,0.007,0.007,0.053
us_population,MicroWatch(idx=0),0.041,0.105,0.305
us_population,MicroWatch(idx=1),0.075,0.246,0.448
us_population,MicroWatch(idx=2),0.079,0.064,0.408
us_population,MicroWatch(idx=3),0.083,0.079,0.586
us_population,MicroWatch(idx=4),0.272,0.266,1.704
us_population,MicroWatch(idx=5),0.093,0.087,0.606
us_population,MicroWatch(idx=6),0.054,0.046,0.298
us_population,PELT,50.557,63.467,287.968
usd_isk,BOCPD,2.455,2.489,19.039
usd_isk,CUSUM,0.005,0.005,0.032
usd_isk,MicroWatch(idx=0),0.034,0.037,0.207
usd_isk,MicroWatch(idx=1),0.016,0.014,0.071
usd_isk,MicroWatch(idx=2),0.021,0.024,0.13
usd_isk,MicroWatch(idx=3),0.011,0.012,0.078
usd_isk,MicroWatch(idx=4),0.043,0.049,0.291
usd_isk,MicroWatch(idx=5),0.024,0.03,0.157
usd_isk,MicroWatch(idx=6),0.01,0.011,0.067
usd_isk,PELT,4.546,4.791,26.075
well_log,BOCPD,15.468,15.78,137.152
well_log,CUSUM,0.031,0.031,0.209
well_log,MicroWatch(idx=0),0.026,0.026,0.163
well_log,MicroWatch(idx=1),0.101,0.1,0.523
well_log,MicroWatch(idx=2),0.034,0.037,0.218
well_log,MicroWatch(idx=3),0.026,0.028,0.187
well_log,MicroWatch(idx=4),0.139,0.148,0.977
well_log,MicroWatch(idx=5),0.032,0.034,0.215
well_log,MicroWatch(idx=6),0.037,0.038,0.238
well_log,PELT,12.421,25.703,63.761
