dataset,algorithm,detected_cps,total_points,accuracy_%
apple,MicroWatch(idx=0),0,622,100.0
apple,MicroWatch(idx=1),2,622,99.67845659163987
apple,MicroWatch(idx=2),1,622,99.83922829581994
apple,MicroWatch(idx=3),0,622,100.0
apple,MicroWatch(idx=4),2,622,99.67845659163987
apple,MicroWatch(idx=5),2,622,99.67845659163987
apple,MicroWatch(idx=6),3,622,99.51768488745981
bank,MicroWatch(idx=0),0,581,100.0
bank,MicroWatch(idx=1),0,581,100.0
bank,MicroWatch(idx=2),0,581,100.0
bank,MicroWatch(idx=3),0,581,100.0
bank,MicroWatch(idx=4),0,581,100.0
bank,MicroWatch(idx=5),0,581,100.0
bank,MicroWatch(idx=6),0,581,100.0
bank,BOCPD,0,581,100.0
bank,CUSUM,7,581,98.79518072289156
bank,PELT,1,581,99.82788296041308
bee_waggle_6,MicroWatch(idx=0),0,609,100.0
bee_waggle_6,MicroWatch(idx=1),0,609,100.0
bee_waggle_6,MicroWatch(idx=2),0,609,100.0
bee_waggle_6,MicroWatch(idx=3),1,609,99.83579638752053
bee_waggle_6,MicroWatch(idx=4),14,609,97.70114942528735
bee_waggle_6,MicroWatch(idx=5),4,609,99.3431855500821
bee_waggle_6,MicroWatch(idx=6),9,609,98.52216748768473
bitcoin,MicroWatch(idx=0),0,774,100.0
bitcoin,MicroWatch(idx=1),10,774,98.70801033591732
bitcoin,MicroWatch(idx=2),3,774,99.6124031007752
bitcoin,MicroWatch(idx=3),4,774,99.48320413436691
bitcoin,MicroWatch(idx=4),6,774,99.2248062015504
bitcoin,MicroWatch(idx=5),4,774,99.48320413436691
bitcoin,MicroWatch(idx=6),6,774,99.2248062015504
bitcoin,BOCPD,0,774,100.0
bitcoin,CUSUM,14,774,98.19121447028424
bitcoin,PELT,12,774,98.44961240310077
brent_spot,MicroWatch(idx=0),0,500,100.0
brent_spot,MicroWatch(idx=1),5,500,99.0
brent_spot,MicroWatch(idx=2),2,500,99.6
brent_spot,MicroWatch(idx=3),2,500,99.6
brent_spot,MicroWatch(idx=4),5,500,99.0
brent_spot,MicroWatch(idx=5),9,500,98.2
brent_spot,MicroWatch(idx=6),7,500,98.6
brent_spot,BOCPD,3,500,99.4
brent_spot,CUSUM,8,500,98.4
brent_spot,PELT,8,500,98.4
businv,MicroWatch(idx=0),0,330,100.0
businv,MicroWatch(idx=1),1,330,99.69696969696969
businv,MicroWatch(idx=2),1,330,99.69696969696969
businv,MicroWatch(idx=3),1,330,99.69696969696969
businv,MicroWatch(idx=4),3,330,99.0909090909091
businv,MicroWatch(idx=5),1,330,99.69696969696969
businv,MicroWatch(idx=6),13,330,96.06060606060606
businv,BOCPD,0,330,100.0
businv,CUSUM,8,330,97.57575757575758
businv,PELT,1,330,99.69696969696969
centralia,MicroWatch(idx=0),0,15,100.0
centralia,MicroWatch(idx=1),1,15,93.33333333333333
centralia,MicroWatch(idx=2),1,15,93.33333333333333
centralia,MicroWatch(idx=3),1,15,93.33333333333333
centralia,MicroWatch(idx=4),1,15,93.33333333333333
centralia,MicroWatch(idx=5),1,15,93.33333333333333
centralia,MicroWatch(idx=6),0,15,100.0
centralia,BOCPD,0,15,100.0
centralia,CUSUM,0,15,100.0
centralia,PELT,2,15,86.66666666666667
children_per_woman,MicroWatch(idx=0),0,301,100.0
children_per_woman,MicroWatch(idx=1),3,301,99.00332225913621
children_per_woman,MicroWatch(idx=2),1,301,99.66777408637874
children_per_woman,MicroWatch(idx=3),3,301,99.00332225913621
children_per_woman,MicroWatch(idx=4),2,301,99.33554817275747
children_per_woman,MicroWatch(idx=5),0,301,100.0
children_per_woman,MicroWatch(idx=6),2,301,99.33554817275747
children_per_woman,BOCPD,4,301,98.67109634551495
children_per_woman,CUSUM,8,301,97.34219269102991
children_per_woman,PELT,2,301,99.33554817275747
co2_canada,MicroWatch(idx=0),1,215,99.53488372093024
co2_canada,MicroWatch(idx=1),5,215,97.67441860465115
co2_canada,MicroWatch(idx=2),7,215,96.74418604651163
co2_canada,MicroWatch(idx=3),5,215,97.67441860465115
co2_canada,MicroWatch(idx=4),5,215,97.67441860465115
co2_canada,MicroWatch(idx=5),5,215,97.67441860465115
co2_canada,MicroWatch(idx=6),4,215,98.13953488372093
co2_canada,BOCPD,4,215,98.13953488372093
co2_canada,CUSUM,5,215,97.67441860465115
co2_canada,PELT,5,215,97.67441860465115
construction,MicroWatch(idx=0),0,319,100.0
construction,MicroWatch(idx=1),3,319,99.05956112852664
construction,MicroWatch(idx=2),1,319,99.68652037617555
construction,MicroWatch(idx=3),3,319,99.05956112852664
construction,MicroWatch(idx=4),4,319,98.7460815047022
construction,MicroWatch(idx=5),1,319,99.68652037617555
construction,MicroWatch(idx=6),18,319,94.35736677115987
construction,BOCPD,1,319,99.68652037617555
construction,CUSUM,6,319,98.11912225705329
construction,PELT,1,319,99.68652037617555
debt_ireland,MicroWatch(idx=0),0,21,100.0
debt_ireland,MicroWatch(idx=1),2,21,90.47619047619048
debt_ireland,MicroWatch(idx=2),2,21,90.47619047619048
debt_ireland,MicroWatch(idx=3),2,21,90.47619047619048
debt_ireland,MicroWatch(idx=4),2,21,90.47619047619048
debt_ireland,MicroWatch(idx=5),1,21,95.23809523809523
debt_ireland,MicroWatch(idx=6),2,21,90.47619047619048
debt_ireland,BOCPD,2,21,90.47619047619048
debt_ireland,CUSUM,0,21,100.0
debt_ireland,PELT,1,21,95.23809523809523
gdp_argentina,MicroWatch(idx=0),0,59,100.0
gdp_argentina,MicroWatch(idx=1),1,59,98.30508474576271
gdp_argentina,MicroWatch(idx=2),1,59,98.30508474576271
gdp_argentina,MicroWatch(idx=3),0,59,100.0
gdp_argentina,MicroWatch(idx=4),1,59,98.30508474576271
gdp_argentina,MicroWatch(idx=5),1,59,98.30508474576271
gdp_argentina,MicroWatch(idx=6),1,59,98.30508474576271
gdp_argentina,BOCPD,0,59,100.0
gdp_argentina,CUSUM,1,59,98.30508474576271
gdp_argentina,PELT,3,59,94.91525423728814
gdp_croatia,MicroWatch(idx=0),0,24,100.0
gdp_croatia,MicroWatch(idx=1),1,24,95.83333333333334
gdp_croatia,MicroWatch(idx=2),1,24,95.83333333333334
gdp_croatia,MicroWatch(idx=3),1,24,95.83333333333334
gdp_croatia,MicroWatch(idx=4),1,24,95.83333333333334
gdp_croatia,MicroWatch(idx=5),1,24,95.83333333333334
gdp_croatia,MicroWatch(idx=6),1,24,95.83333333333334
gdp_croatia,BOCPD,0,24,100.0
gdp_croatia,CUSUM,0,24,100.0
gdp_croatia,PELT,1,24,95.83333333333334
gdp_iran,MicroWatch(idx=0),0,58,100.0
gdp_iran,MicroWatch(idx=1),1,58,98.27586206896551
gdp_iran,MicroWatch(idx=2),4,58,93.10344827586206
gdp_iran,MicroWatch(idx=3),1,58,98.27586206896551
gdp_iran,MicroWatch(idx=4),1,58,98.27586206896551
gdp_iran,MicroWatch(idx=5),1,58,98.27586206896551
gdp_iran,MicroWatch(idx=6),4,58,93.10344827586206
gdp_iran,BOCPD,0,58,100.0
gdp_iran,CUSUM,1,58,98.27586206896551
gdp_iran,PELT,1,58,98.27586206896551
gdp_japan,MicroWatch(idx=0),0,58,100.0
gdp_japan,MicroWatch(idx=1),1,58,98.27586206896551
gdp_japan,MicroWatch(idx=2),1,58,98.27586206896551
gdp_japan,MicroWatch(idx=3),1,58,98.27586206896551
gdp_japan,MicroWatch(idx=4),1,58,98.27586206896551
gdp_japan,MicroWatch(idx=5),1,58,98.27586206896551
gdp_japan,MicroWatch(idx=6),1,58,98.27586206896551
gdp_japan,BOCPD,0,58,100.0
gdp_japan,CUSUM,1,58,98.27586206896551
gdp_japan,PELT,1,58,98.27586206896551
global_co2,MicroWatch(idx=0),0,104,100.0
global_co2,MicroWatch(idx=1),1,104,99.03846153846155
global_co2,MicroWatch(idx=2),0,104,100.0
global_co2,MicroWatch(idx=3),1,104,99.03846153846155
global_co2,MicroWatch(idx=4),1,104,99.03846153846155
global_co2,MicroWatch(idx=5),1,104,99.03846153846155
global_co2,MicroWatch(idx=6),1,104,99.03846153846155
global_co2,BOCPD,0,104,100.0
global_co2,CUSUM,2,104,98.07692307692307
global_co2,PELT,1,104,99.03846153846155
homeruns,MicroWatch(idx=0),0,118,100.0
homeruns,MicroWatch(idx=1),3,118,97.45762711864407
homeruns,MicroWatch(idx=2),2,118,98.30508474576271
homeruns,MicroWatch(idx=3),2,118,98.30508474576271
homeruns,MicroWatch(idx=4),3,118,97.45762711864407
homeruns,MicroWatch(idx=5),2,118,98.30508474576271
homeruns,MicroWatch(idx=6),6,118,94.91525423728814
homeruns,BOCPD,3,118,97.45762711864407
homeruns,CUSUM,2,118,98.30508474576271
homeruns,PELT,2,118,98.30508474576271
iceland_tourism,MicroWatch(idx=0),0,199,100.0
iceland_tourism,MicroWatch(idx=1),1,199,99.49748743718592
iceland_tourism,MicroWatch(idx=2),1,199,99.49748743718592
iceland_tourism,MicroWatch(idx=3),1,199,99.49748743718592
iceland_tourism,MicroWatch(idx=4),2,199,98.99497487437185
iceland_tourism,MicroWatch(idx=5),1,199,99.49748743718592
iceland_tourism,MicroWatch(idx=6),3,199,98.49246231155779
iceland_tourism,BOCPD,0,199,100.0
iceland_tourism,CUSUM,3,199,98.49246231155779
iceland_tourism,PELT,1,199,99.49748743718592
jfk_passengers,MicroWatch(idx=0),0,468,100.0
jfk_passengers,MicroWatch(idx=1),1,468,99.78632478632478
jfk_passengers,MicroWatch(idx=2),1,468,99.78632478632478
jfk_passengers,MicroWatch(idx=3),1,468,99.78632478632478
jfk_passengers,MicroWatch(idx=4),1,468,99.78632478632478
jfk_passengers,MicroWatch(idx=5),2,468,99.57264957264957
jfk_passengers,MicroWatch(idx=6),5,468,98.93162393162393
jfk_passengers,BOCPD,0,468,100.0
jfk_passengers,CUSUM,5,468,98.93162393162393
jfk_passengers,PELT,2,468,99.57264957264957
lga_passengers,MicroWatch(idx=0),0,468,100.0
lga_passengers,MicroWatch(idx=1),3,468,99.35897435897436
lga_passengers,MicroWatch(idx=2),2,468,99.57264957264957
lga_passengers,MicroWatch(idx=3),3,468,99.35897435897436
lga_passengers,MicroWatch(idx=4),5,468,98.93162393162393
lga_passengers,MicroWatch(idx=5),5,468,98.93162393162393
lga_passengers,MicroWatch(idx=6),12,468,97.43589743589743
lga_passengers,BOCPD,0,468,100.0
lga_passengers,CUSUM,8,468,98.29059829059828
lga_passengers,PELT,6,468,98.71794871794873
measles,MicroWatch(idx=0),0,991,100.0
measles,MicroWatch(idx=1),0,991,100.0
measles,MicroWatch(idx=2),0,991,100.0
measles,MicroWatch(idx=3),0,991,100.0
measles,MicroWatch(idx=4),0,991,100.0
measles,MicroWatch(idx=5),1,991,99.89909182643795
measles,MicroWatch(idx=6),0,991,100.0
measles,BOCPD,0,991,100.0
measles,CUSUM,23,991,97.67911200807265
measles,PELT,1,991,99.89909182643795
nile,MicroWatch(idx=0),0,100,100.0
nile,MicroWatch(idx=1),1,100,99.0
nile,MicroWatch(idx=2),0,100,100.0
nile,MicroWatch(idx=3),0,100,100.0
nile,MicroWatch(idx=4),1,100,99.0
nile,MicroWatch(idx=5),1,100,99.0
nile,MicroWatch(idx=6),1,100,99.0
nile,BOCPD,0,100,100.0
nile,CUSUM,1,100,99.0
nile,PELT,1,100,99.0
occupancy,MicroWatch(idx=0),0,509,100.0
occupancy,MicroWatch(idx=1),7,509,98.62475442043221
occupancy,MicroWatch(idx=2),7,509,98.62475442043221
occupancy,MicroWatch(idx=3),7,509,98.62475442043221
occupancy,MicroWatch(idx=4),1,509,99.80353634577604
occupancy,MicroWatch(idx=5),8,509,98.42829076620825
occupancy,MicroWatch(idx=6),6,509,98.82121807465619
ozone,MicroWatch(idx=0),0,54,100.0
ozone,MicroWatch(idx=1),1,54,98.14814814814815
ozone,MicroWatch(idx=2),1,54,98.14814814814815
ozone,MicroWatch(idx=3),1,54,98.14814814814815
ozone,MicroWatch(idx=4),1,54,98.14814814814815
ozone,MicroWatch(idx=5),1,54,98.14814814814815
ozone,MicroWatch(idx=6),1,54,98.14814814814815
ozone,BOCPD,1,54,98.14814814814815
ozone,CUSUM,1,54,98.14814814814815
ozone,PELT,1,54,98.14814814814815
quality_control_1,MicroWatch(idx=0),1,313,99.68051118210862
quality_control_1,MicroWatch(idx=1),1,313,99.68051118210862
quality_control_1,MicroWatch(idx=2),11,313,96.48562300319489
quality_control_1,MicroWatch(idx=3),1,313,99.68051118210862
quality_control_1,MicroWatch(idx=4),1,313,99.68051118210862
quality_control_1,MicroWatch(idx=5),2,313,99.36102236421725
quality_control_1,MicroWatch(idx=6),2,313,99.36102236421725
quality_control_1,BOCPD,1,313,99.68051118210862
quality_control_1,CUSUM,4,313,98.7220447284345
quality_control_1,PELT,2,313,99.36102236421725
quality_control_2,MicroWatch(idx=0),0,283,100.0
quality_control_2,MicroWatch(idx=1),1,283,99.64664310954063
quality_control_2,MicroWatch(idx=2),6,283,97.87985865724382
quality_control_2,MicroWatch(idx=3),0,283,100.0
quality_control_2,MicroWatch(idx=4),1,283,99.64664310954063
quality_control_2,MicroWatch(idx=5),1,283,99.64664310954063
quality_control_2,MicroWatch(idx=6),1,283,99.64664310954063
quality_control_2,BOCPD,1,283,99.64664310954063
quality_control_2,CUSUM,1,283,99.64664310954063
quality_control_2,PELT,2,283,99.29328621908127
quality_control_3,MicroWatch(idx=0),0,366,100.0
quality_control_3,MicroWatch(idx=1),1,366,99.72677595628416
quality_control_3,MicroWatch(idx=2),0,366,100.0
quality_control_3,MicroWatch(idx=3),1,366,99.72677595628416
quality_control_3,MicroWatch(idx=4),11,366,96.99453551912568
quality_control_3,MicroWatch(idx=5),1,366,99.72677595628416
quality_control_3,MicroWatch(idx=6),2,366,99.4535519125683
quality_control_3,BOCPD,1,366,99.72677595628416
quality_control_3,CUSUM,1,366,99.72677595628416
quality_control_3,PELT,2,366,99.4535519125683
quality_control_4,MicroWatch(idx=0),0,500,100.0
quality_control_4,MicroWatch(idx=1),0,500,100.0
quality_control_4,MicroWatch(idx=2),1,500,99.8
quality_control_4,MicroWatch(idx=3),0,500,100.0
quality_control_4,MicroWatch(idx=4),5,500,99.0
quality_control_4,MicroWatch(idx=5),0,500,100.0
quality_control_4,MicroWatch(idx=6),5,500,99.0
quality_control_4,BOCPD,0,500,100.0
quality_control_4,CUSUM,6,500,98.8
quality_control_4,PELT,1,500,99.8
quality_control_5,MicroWatch(idx=0),0,325,100.0
quality_control_5,MicroWatch(idx=1),0,325,100.0
quality_control_5,MicroWatch(idx=2),0,325,100.0
quality_control_5,MicroWatch(idx=3),0,325,100.0
quality_control_5,MicroWatch(idx=4),0,325,100.0
quality_control_5,MicroWatch(idx=5),1,325,99.6923076923077
quality_control_5,MicroWatch(idx=6),0,325,100.0
quality_control_5,BOCPD,0,325,100.0
quality_control_5,CUSUM,1,325,99.6923076923077
quality_control_5,PELT,1,325,99.6923076923077
rail_lines,MicroWatch(idx=0),0,37,100.0
rail_lines,MicroWatch(idx=1),2,37,94.5945945945946
rail_lines,MicroWatch(idx=2),2,37,94.5945945945946
rail_lines,MicroWatch(idx=3),2,37,94.5945945945946
rail_lines,MicroWatch(idx=4),2,37,94.5945945945946
rail_lines,MicroWatch(idx=5),1,37,97.2972972972973
rail_lines,MicroWatch(idx=6),2,37,94.5945945945946
rail_lines,BOCPD,0,37,100.0
rail_lines,CUSUM,0,37,100.0
rail_lines,PELT,1,37,97.2972972972973
ratner_stock,MicroWatch(idx=0),0,600,100.0
ratner_stock,MicroWatch(idx=1),2,600,99.66666666666667
ratner_stock,MicroWatch(idx=2),1,600,99.83333333333333
ratner_stock,MicroWatch(idx=3),5,600,99.16666666666667
ratner_stock,MicroWatch(idx=4),2,600,99.66666666666667
ratner_stock,MicroWatch(idx=5),1,600,99.83333333333333
ratner_stock,MicroWatch(idx=6),17,600,97.16666666666667
ratner_stock,BOCPD,2,600,99.66666666666667
ratner_stock,CUSUM,13,600,97.83333333333334
ratner_stock,PELT,3,600,99.5
robocalls,MicroWatch(idx=0),0,52,100.0
robocalls,MicroWatch(idx=1),2,52,96.15384615384616
robocalls,MicroWatch(idx=2),2,52,96.15384615384616
robocalls,MicroWatch(idx=3),2,52,96.15384615384616
robocalls,MicroWatch(idx=4),2,52,96.15384615384616
robocalls,MicroWatch(idx=5),2,52,96.15384615384616
robocalls,MicroWatch(idx=6),1,52,98.07692307692307
robocalls,BOCPD,0,52,100.0
robocalls,CUSUM,1,52,98.07692307692307
robocalls,PELT,1,52,98.07692307692307
run_log,MicroWatch(idx=0),0,376,100.0
run_log,MicroWatch(idx=1),6,376,98.40425531914893
run_log,MicroWatch(idx=2),23,376,93.88297872340425
run_log,MicroWatch(idx=3),5,376,98.67021276595744
run_log,MicroWatch(idx=4),9,376,97.6063829787234
run_log,MicroWatch(idx=5),8,376,97.87234042553192
run_log,MicroWatch(idx=6),23,376,93.88297872340425
scanline_126007,MicroWatch(idx=0),0,481,100.0
scanline_126007,MicroWatch(idx=1),16,481,96.67359667359668
scanline_126007,MicroWatch(idx=2),0,481,100.0
scanline_126007,MicroWatch(idx=3),0,481,100.0
scanline_126007,MicroWatch(idx=4),9,481,98.12889812889813
scanline_126007,MicroWatch(idx=5),1,481,99.7920997920998
scanline_126007,MicroWatch(idx=6),20,481,95.84199584199584
scanline_126007,BOCPD,1,481,99.7920997920998
scanline_126007,CUSUM,10,481,97.92099792099792
scanline_126007,PELT,9,481,98.12889812889813
scanline_42049,MicroWatch(idx=0),0,481,100.0
scanline_42049,MicroWatch(idx=1),5,481,98.96049896049897
scanline_42049,MicroWatch(idx=2),6,481,98.75259875259876
scanline_42049,MicroWatch(idx=3),1,481,99.7920997920998
scanline_42049,MicroWatch(idx=4),7,481,98.54469854469855
scanline_42049,MicroWatch(idx=5),5,481,98.96049896049897
scanline_42049,MicroWatch(idx=6),4,481,99.16839916839916
scanline_42049,BOCPD,7,481,98.54469854469855
scanline_42049,CUSUM,9,481,98.12889812889813
scanline_42049,PELT,8,481,98.33679833679834
seatbelts,MicroWatch(idx=0),0,192,100.0
seatbelts,MicroWatch(idx=1),3,192,98.4375
seatbelts,MicroWatch(idx=2),0,192,100.0
seatbelts,MicroWatch(idx=3),3,192,98.4375
seatbelts,MicroWatch(idx=4),2,192,98.95833333333334
seatbelts,MicroWatch(idx=5),2,192,98.95833333333334
seatbelts,MicroWatch(idx=6),1,192,99.47916666666666
seatbelts,BOCPD,1,192,99.47916666666666
seatbelts,CUSUM,3,192,98.4375
seatbelts,PELT,3,192,98.4375
shanghai_license,MicroWatch(idx=0),0,205,100.0
shanghai_license,MicroWatch(idx=1),2,205,99.02439024390245
shanghai_license,MicroWatch(idx=2),2,205,99.02439024390245
shanghai_license,MicroWatch(idx=3),1,205,99.51219512195122
shanghai_license,MicroWatch(idx=4),2,205,99.02439024390245
shanghai_license,MicroWatch(idx=5),2,205,99.02439024390245
shanghai_license,MicroWatch(idx=6),2,205,99.02439024390245
shanghai_license,BOCPD,4,205,98.04878048780488
shanghai_license,CUSUM,3,205,98.53658536585365
shanghai_license,PELT,3,205,98.53658536585365
uk_coal_employ,MicroWatch(idx=0),0,105,100.0
uk_coal_employ,MicroWatch(idx=1),0,105,100.0
uk_coal_employ,MicroWatch(idx=2),0,105,100.0
uk_coal_employ,MicroWatch(idx=3),0,105,100.0
uk_coal_employ,MicroWatch(idx=4),0,105,100.0
uk_coal_employ,MicroWatch(idx=5),0,105,100.0
uk_coal_employ,MicroWatch(idx=6),0,105,100.0
uk_coal_employ,BOCPD,0,105,100.0
uk_coal_employ,CUSUM,0,105,100.0
uk_coal_employ,PELT,0,105,100.0
unemployment_nl,MicroWatch(idx=0),0,214,100.0
unemployment_nl,MicroWatch(idx=1),2,214,99.06542056074767
unemployment_nl,MicroWatch(idx=2),2,214,99.06542056074767
unemployment_nl,MicroWatch(idx=3),2,214,99.06542056074767
unemployment_nl,MicroWatch(idx=4),4,214,98.13084112149532
unemployment_nl,MicroWatch(idx=5),3,214,98.5981308411215
unemployment_nl,MicroWatch(idx=6),10,214,95.32710280373831
unemployment_nl,BOCPD,6,214,97.19626168224299
unemployment_nl,CUSUM,3,214,98.5981308411215
unemployment_nl,PELT,3,214,98.5981308411215
usd_isk,MicroWatch(idx=0),3,247,98.78542510121457
usd_isk,MicroWatch(idx=1),2,247,99.19028340080972
usd_isk,MicroWatch(idx=2),2,247,99.19028340080972
usd_isk,MicroWatch(idx=3),2,247,99.19028340080972
usd_isk,MicroWatch(idx=4),2,247,99.19028340080972
usd_isk,MicroWatch(idx=5),1,247,99.59514170040485
usd_isk,MicroWatch(idx=6),2,247,99.19028340080972
usd_isk,BOCPD,0,247,100.0
usd_isk,CUSUM,4,247,98.38056680161942
usd_isk,PELT,2,247,99.19028340080972
us_population,MicroWatch(idx=0),0,816,100.0
us_population,MicroWatch(idx=1),3,816,99.63235294117648
us_population,MicroWatch(idx=2),3,816,99.63235294117648
us_population,MicroWatch(idx=3),3,816,99.63235294117648
us_population,MicroWatch(idx=4),5,816,99.38725490196079
us_population,MicroWatch(idx=5),3,816,99.63235294117648
us_population,MicroWatch(idx=6),45,816,94.48529411764706
us_population,BOCPD,0,816,100.0
us_population,CUSUM,21,816,97.42647058823529
us_population,PELT,1,816,99.87745098039215
well_log,MicroWatch(idx=0),0,675,100.0
well_log,MicroWatch(idx=1),10,675,98.51851851851852
well_log,MicroWatch(idx=2),18,675,97.33333333333334
well_log,MicroWatch(idx=3),2,675,99.70370370370371
well_log,MicroWatch(idx=4),12,675,98.22222222222223
well_log,MicroWatch(idx=5),4,675,99.4074074074074
well_log,MicroWatch(idx=6),4,675,99.4074074074074
well_log,BOCPD,1,675,99.85185185185185
well_log,CUSUM,2,675,99.70370370370371
well_log,PELT,1,675,99.85185185185185
