file_name,distance_index,batch_size,threshold,max_dist_size,new_dist_buffer_size
apple,0,4,0.125298284,27,4
apple,1,3,0.620730544,25,43
apple,2,3,3.139910919,21,38
apple,3,6,3.86760245,51,41
apple,4,3,0.525455704,71,37
apple,5,6,0.732082852,86,30
apple,6,3,1.105742671,53,20
bank,0,5,0.307721167,35,8
bank,1,4,2.207439395,22,44
bank,2,6,2.720781393,50,30
bank,3,5,2.777395497,21,41
bank,4,3,3.162353655,50,46
bank,5,4,2.154273858,84,40
bank,6,5,2.397339882,94,24
bee_waggle_6,0,4,0.628242871,93,49
bee_waggle_6,1,4,3.465675206,81,32
bee_waggle_6,2,6,3.719955787,99,40
bee_waggle_6,3,3,2.843846528,54,26
bee_waggle_6,4,5,0.81995813,30,38
bee_waggle_6,5,5,0.875019289,85,24
bee_waggle_6,6,4,1.666112771,17,33
bitcoin,0,5,0.925766865,79,13
bitcoin,1,5,2.093935524,18,9
bitcoin,2,6,2.835249497,52,28
bitcoin,3,3,2.163913651,46,10
bitcoin,4,4,2.373581048,40,21
bitcoin,5,5,2.212551814,24,30
bitcoin,6,4,1.209374623,33,43
brent_spot,0,3,1.040997484,92,31
brent_spot,1,4,3.019170202,32,10
brent_spot,2,3,3.92701899,19,10
brent_spot,3,4,3.63913105,26,11
brent_spot,4,4,0.897043169,59,49
brent_spot,5,5,0.179403432,22,31
brent_spot,6,4,1.070024322,47,36
businv,0,4,0.754350032,92,6
businv,1,3,2.980237274,96,42
businv,2,4,3.799072007,98,30
businv,3,3,3.866389247,89,33
businv,4,4,3.879569139,66,18
businv,5,3,3.073015156,100,34
businv,6,3,1.16976017,45,21
centralia,0,3,3.702761017,23,12
centralia,1,6,1.525018023,28,3
centralia,2,4,0.669825711,75,11
centralia,3,6,0.460242184,42,7
centralia,4,6,0.447929601,15,10
centralia,5,3,1.744701207,82,3
centralia,6,4,2.747649263,57,48
children_per_woman,0,3,0.974587839,41,32
children_per_woman,1,5,1.571536144,98,31
children_per_woman,2,6,3.981074313,96,17
children_per_woman,3,5,2.227882663,92,6
children_per_woman,4,3,3.778902626,100,26
children_per_woman,5,5,1.298459232,91,25
children_per_woman,6,5,2.396303304,93,31
co2_canada,0,6,0.113099147,95,50
co2_canada,1,5,1.53701071,31,25
co2_canada,2,3,0.798278153,17,21
co2_canada,3,5,1.657277825,34,23
co2_canada,4,3,2.481809356,34,18
co2_canada,5,6,3.86340126,22,13
co2_canada,6,3,1.228752196,55,31
construction,0,3,1.015073093,95,50
construction,1,5,1.751912858,78,10
construction,2,3,2.455072035,68,9
construction,3,4,1.496698675,96,24
construction,4,3,2.287514894,82,9
construction,5,3,3.98118336,58,33
construction,6,6,1.142752364,59,7
debt_ireland,0,4,2.308089181,43,8
debt_ireland,1,4,0.169552173,79,5
debt_ireland,2,4,0.343588055,66,7
debt_ireland,3,4,0.349538173,98,6
debt_ireland,4,4,0.379662771,43,7
debt_ireland,5,4,0.606375202,24,5
debt_ireland,6,4,0.200590793,78,6
gdp_argentina,0,6,1.383563304,29,49
gdp_argentina,1,6,0.188767912,85,50
gdp_argentina,2,6,0.421631137,11,50
gdp_argentina,3,4,3.212672125,36,24
gdp_argentina,4,6,0.101362542,66,50
gdp_argentina,5,4,2.635986227,29,37
gdp_argentina,6,6,0.437254121,53,49
gdp_croatia,0,3,1.567934133,16,15
gdp_croatia,1,5,0.302640081,18,14
gdp_croatia,2,5,0.106121015,14,12
gdp_croatia,3,3,0.514370928,60,14
gdp_croatia,4,5,0.14635912,90,15
gdp_croatia,5,5,0.228700741,77,12
gdp_croatia,6,3,0.12625164,89,15
gdp_iran,0,3,3.841691761,79,16
gdp_iran,1,5,2.41538705,74,7
gdp_iran,2,3,0.711837867,65,11
gdp_iran,3,6,2.652584452,88,10
gdp_iran,4,4,3.990815549,70,10
gdp_iran,5,6,3.799172549,56,8
gdp_iran,6,6,1.038922356,33,12
gdp_japan,0,4,3.698176381,16,31
gdp_japan,1,4,0.553582458,41,32
gdp_japan,2,4,0.435226802,10,27
gdp_japan,3,4,0.327203503,62,31
gdp_japan,4,4,0.774503652,71,31
gdp_japan,5,4,1.60131655,23,28
gdp_japan,6,4,0.258077262,35,32
global_co2,0,5,2.684057905,77,43
global_co2,1,5,2.610729464,85,27
global_co2,2,5,3.430039325,88,48
global_co2,3,5,3.999326564,73,39
global_co2,4,5,2.822924395,93,47
global_co2,5,5,3.563115209,78,21
global_co2,6,5,3.323671819,26,48
homeruns,0,3,1.086319539,91,15
homeruns,1,3,2.217821771,31,4
homeruns,2,6,3.058227426,25,15
homeruns,3,6,3.117818813,34,5
homeruns,4,3,3.895291224,34,4
homeruns,5,3,3.129749874,29,17
homeruns,6,6,1.395013398,13,16
iceland_tourism,0,5,0.209210564,52,23
iceland_tourism,1,4,3.692206776,81,38
iceland_tourism,2,5,3.658406186,92,37
iceland_tourism,3,3,3.498780655,95,33
iceland_tourism,4,3,2.641971007,81,13
iceland_tourism,5,3,3.865322614,76,24
iceland_tourism,6,5,1.569453357,99,11
jfk_passengers,0,3,0.442342413,25,3
jfk_passengers,1,6,2.636802627,74,13
jfk_passengers,2,4,2.736206023,15,40
jfk_passengers,3,4,2.192570456,28,45
jfk_passengers,4,4,3.51548693,51,40
jfk_passengers,5,4,2.194242833,34,46
jfk_passengers,6,4,1.058336283,51,46
lga_passengers,0,3,1.671622601,31,42
lga_passengers,1,6,1.923504337,65,12
lga_passengers,2,4,2.718915871,50,4
lga_passengers,3,3,1.81270736,88,6
lga_passengers,4,4,2.971644565,55,3
lga_passengers,5,4,1.264276913,17,31
lga_passengers,6,3,1.042967553,21,11
measles,0,3,0.413195058,62,49
measles,1,6,3.462811382,60,4
measles,2,3,3.44513407,89,22
measles,3,6,3.769623797,88,8
measles,4,4,3.643604134,85,35
measles,5,5,3.65312537,94,7
measles,6,4,3.819045087,79,44
nile,0,4,0.998558568,45,21
nile,1,4,1.056158631,31,27
nile,2,4,2.797278577,64,14
nile,3,4,1.942739307,62,27
nile,4,4,3.265373245,89,10
nile,5,3,0.262743378,26,23
nile,6,4,1.184525963,40,25
occupancy,0,3,1.016785537,56,45
occupancy,1,3,0.911367313,64,40
occupancy,2,3,0.925715672,72,47
occupancy,3,3,0.930468737,79,39
occupancy,4,3,1.458138,51,41
occupancy,5,4,0.171617444,59,29
occupancy,6,4,1.220855472,44,22
ozone,0,4,3.732766093,12,27
ozone,1,4,0.786892806,90,27
ozone,2,4,0.103845245,16,25
ozone,3,4,0.596939605,66,25
ozone,4,4,0.255549556,71,27
ozone,5,4,0.686264876,70,25
ozone,6,4,0.103902241,57,25
quality_control_1,0,6,0.955002515,10,33
quality_control_1,1,6,1.520016023,81,44
quality_control_1,2,3,0.165061772,89,26
quality_control_1,3,6,1.768767217,49,39
quality_control_1,4,5,2.082744893,94,20
quality_control_1,5,3,3.822143826,15,25
quality_control_1,6,6,1.294981196,22,50
quality_control_2,0,3,1.216461214,56,10
quality_control_2,1,3,1.735852474,49,44
quality_control_2,2,4,0.589834253,21,41
quality_control_2,3,3,2.10049255,74,33
quality_control_2,4,6,2.081736798,29,12
quality_control_2,5,3,1.919692992,13,35
quality_control_2,6,3,1.628314707,33,12
quality_control_3,0,4,1.144203297,81,19
quality_control_3,1,6,2.040845166,16,35
quality_control_3,2,3,2.838284952,92,42
quality_control_3,3,5,3.840260141,14,12
quality_control_3,4,6,0.337627206,86,28
quality_control_3,5,5,1.924426165,27,22
quality_control_3,6,5,1.87217908,11,23
quality_control_4,0,3,0.238082666,71,35
quality_control_4,1,5,3.196446109,39,36
quality_control_4,2,4,2.201370347,36,25
quality_control_4,3,4,3.107189201,47,14
quality_control_4,4,3,2.181676865,35,24
quality_control_4,5,3,3.948630022,64,9
quality_control_4,6,4,2.243177446,21,18
quality_control_5,0,3,3.070915464,94,19
quality_control_5,1,6,2.412691775,58,23
quality_control_5,2,5,3.318086926,99,39
quality_control_5,3,5,3.28483171,35,17
quality_control_5,4,4,3.324567931,31,41
quality_control_5,5,4,1.638863905,35,27
quality_control_5,6,5,3.234011728,24,41
rail_lines,0,6,2.310421385,87,11
rail_lines,1,5,0.599596555,63,5
rail_lines,2,5,2.172725087,95,5
rail_lines,3,5,0.793160498,19,5
rail_lines,4,3,0.515232182,37,8
rail_lines,5,5,0.957240129,72,5
rail_lines,6,5,1.21161539,37,4
ratner_stock,0,6,0.977566261,70,6
ratner_stock,1,6,3.016910861,16,10
ratner_stock,2,6,2.300857264,69,15
ratner_stock,3,5,3.420572722,15,12
ratner_stock,4,6,2.080022544,30,39
ratner_stock,5,3,1.579000706,79,37
ratner_stock,6,5,1.305230664,89,11
robocalls,0,5,2.295247891,83,39
robocalls,1,4,2.284812485,25,7
robocalls,2,6,1.06948619,79,3
robocalls,3,4,2.901260681,18,8
robocalls,4,3,2.398975871,22,6
robocalls,5,3,2.619966533,53,9
robocalls,6,5,0.227726614,23,39
run_log,0,4,3.580857085,19,50
run_log,1,5,3.309919906,25,13
run_log,2,4,0.822113408,24,13
run_log,3,4,1.35199548,48,32
run_log,4,3,0.748086887,46,35
run_log,5,3,1.272772745,49,29
run_log,6,4,1.105168395,47,15
scanline_126007,0,3,0.977110113,32,46
scanline_126007,1,6,0.932744745,72,8
scanline_126007,2,6,3.57350436,54,10
scanline_126007,3,4,2.818609088,48,10
scanline_126007,4,6,2.028758647,78,11
scanline_126007,5,4,3.082583756,74,11
scanline_126007,6,6,1.255096468,13,12
scanline_42049,0,3,1.057818306,77,49
scanline_42049,1,4,0.662513912,73,50
scanline_42049,2,6,0.711666818,82,37
scanline_42049,3,5,1.646664095,89,16
scanline_42049,4,3,0.343397746,81,22
scanline_42049,5,4,0.546164796,79,49
scanline_42049,6,4,0.965736645,91,49
seatbelts,0,5,0.999174189,38,48
seatbelts,1,3,0.437210211,65,50
seatbelts,2,5,1.981385895,76,16
seatbelts,3,5,1.874862016,14,14
seatbelts,4,6,0.712187895,55,49
seatbelts,5,4,0.540306661,22,50
seatbelts,6,4,0.983631215,83,45
shanghai_license,0,3,1.043895279,61,45
shanghai_license,1,5,0.373495129,58,43
shanghai_license,2,5,2.746570231,73,12
shanghai_license,3,6,3.886121913,71,46
shanghai_license,4,5,1.886476529,35,36
shanghai_license,5,5,2.32966091,93,26
shanghai_license,6,5,1.270643508,32,29
uk_coal_employ,0,5,0.164684234,30,21
uk_coal_employ,1,5,1.492835269,87,29
uk_coal_employ,2,5,0.769394577,77,9
uk_coal_employ,3,3,1.913102637,54,12
uk_coal_employ,4,4,2.582841263,52,16
uk_coal_employ,5,6,0.872643984,40,14
uk_coal_employ,6,4,1.796328147,28,47
unemployment_nl,0,3,0.99366811,22,24
unemployment_nl,1,3,1.972276874,84,7
unemployment_nl,2,5,1.9585856,13,27
unemployment_nl,3,3,2.140085825,27,9
unemployment_nl,4,3,3.914403415,39,9
unemployment_nl,5,6,0.101505794,81,50
unemployment_nl,6,5,1.296811807,72,10
us_population,0,4,0.161443766,93,43
us_population,1,5,3.997068224,89,19
us_population,2,4,3.99274097,99,44
us_population,3,5,3.830121693,92,10
us_population,4,3,3.997566626,100,17
us_population,5,5,3.964920021,91,31
us_population,6,6,1.164734686,58,17
usd_isk,0,3,0.993889287,60,30
usd_isk,1,3,2.169358495,27,22
usd_isk,2,3,1.288671441,46,33
usd_isk,3,3,2.219617646,25,27
usd_isk,4,3,1.343401745,66,32
usd_isk,5,3,2.11266592,50,32
usd_isk,6,3,2.10463233,13,25
well_log,0,4,0.999498921,14,46
well_log,1,6,0.421585145,55,30
well_log,2,3,0.268245963,21,25
well_log,3,6,1.953409166,28,5
well_log,4,3,0.423092414,93,15
well_log,5,3,0.3797616,12,44
well_log,6,5,1.015525056,54,3
