4.340000000000000000e+02,3.000000000000000000e+02,-7.682212795972520603e-01,6.401843996646284785e-01
4.356892823840000233e+02,2.977451349940000114e+02,-8.013976703636214172e-01,5.981319034592289530e-01
4.313301596809999978e+02,2.907371646959999794e+02,-6.292990006461840480e-01,7.771632825769073660e-01
4.432495511980000060e+02,2.937050453640000001e+02,-7.763534710380902704e-01,6.302977772506492826e-01
4.338859696769999914e+02,2.861243493750000084e+02,-4.878875664619374830e-01,8.729064798086038079e-01
4.409034301170000276e+02,2.908069603280000024e+02,-7.853057082301190261e-01,6.191081849088988509e-01
4.367989287089999948e+02,2.840971093279999877e+02,-4.851069426348741942e-01,8.744548325713826786e-01
4.453202213870000037e+02,2.905040190849999817e+02,-7.879203325021646442e-01,6.157771915471360602e-01
4.403091956000000096e+02,2.791731250010000167e+02,-2.858979781992723179e-01,9.582600618107635082e-01
4.390411104589999809e+02,2.800030089570000200e+02,-2.730239677131583997e-01,9.620072312899545786e-01
4.424413900399999875e+02,2.760857051630000001e+02,3.574961242950298185e-02,9.993607783033814362e-01
4.396070453269999803e+02,2.746143243320000238e+02,1.114260094367695714e-01,9.937727327819962930e-01
4.379222385240000222e+02,2.694500000969999860e+02,4.235970848538299083e-01,9.058507104944706345e-01
4.397830113790000155e+02,2.721227659819999758e+02,4.497286665795436900e-01,8.931652290906680891e-01
4.389204116739999790e+02,2.736176051470000061e+02,4.963491057822425057e-01,8.681230127056696055e-01
4.446760086670000192e+02,2.775729048900000180e+02,5.977913977356629216e-01,8.016516979294950884e-01
4.434609448609999731e+02,2.767470773210000061e+02,6.244362224400927808e-01,7.810757992056513999e-01
4.480831841890000078e+02,2.784408305580000160e+02,8.539806265020799536e-01,5.203048044743725509e-01
4.474539492010000004e+02,2.810228648469999939e+02,8.114369619316047499e-01,5.844399514160606435e-01
4.449070051179999723e+02,2.818927556350000145e+02,8.158953263910893039e-01,5.781996336674538606e-01
4.521710042440000166e+02,2.897443521999999803e+02,9.190511910681600227e-01,3.941381841387565643e-01
4.537986440010000138e+02,2.879565804630000230e+02,9.397396336291609087e-01,3.418909489684252567e-01
4.584831427429999735e+02,2.946407871800000180e+02,9.980668206091810601e-01,6.214999275205825707e-02
4.623068764249999845e+02,2.965436236369999961e+02,9.981502204697431102e-01,-6.079586644010664259e-02
4.552367086820000281e+02,2.960799094559999958e+02,9.960653634158963543e-01,-8.862162153311256563e-02
4.565092390679999994e+02,2.957959830460000035e+02,9.811527254460934433e-01,-1.932338721593674369e-01
4.594184863329999757e+02,2.971563152240000250e+02,8.937319405701934505e-01,-4.486014025887972712e-01
4.540724406420000037e+02,3.025955757070000232e+02,8.637465216387094635e-01,-5.039265287291693207e-01
4.545229097650000085e+02,3.060935936779999906e+02,7.534926003825713758e-01,-6.574563872750119886e-01
4.494909145720000083e+02,3.137766125890000239e+02,6.815819123920363598e-01,-7.317418238012738385e-01
4.482188998579999861e+02,3.158760522200000196e+02,7.155655923366827098e-01,-6.985455483100958540e-01
4.447391428629999837e+02,3.182456332670000165e+02,7.868415910235336819e-01,-6.171550134573600133e-01
4.377391428629999837e+02,3.212456332670000165e+02,8.785671441007539828e-01,-4.776188577795532075e-01
4.378346574870000154e+02,3.253502569679999965e+02,8.254769443609861757e-01,-5.644358372113250644e-01
4.325621192030000088e+02,3.278481599780000124e+02,7.205742835957973380e-01,-6.933777482876152254e-01
4.304622258350000266e+02,3.354077682139999865e+02,5.848989249500030629e-01,-8.111061876180767349e-01
4.253019784929999787e+02,3.403691048480000063e+02,4.863638137184781995e-01,-8.737563966605437216e-01
4.230589237689999891e+02,3.402344640540000000e+02,4.143104746484055911e-01,-9.101356111023306550e-01
4.196774561660000131e+02,3.422246672730000228e+02,3.590518390712622021e-01,-9.333176184234092121e-01
4.212949783569999909e+02,3.427181091470000069e+02,2.148848165740331329e-01,-9.766393989625568040e-01
4.169802886499999772e+02,3.442708483110000088e+02,3.320919772705165085e-02,-9.994484224742793410e-01
4.093308999359999802e+02,3.464535356530000172e+02,-3.442087444515039008e-01,-9.388931463394113441e-01
4.080000566169999843e+02,3.466223057259999791e+02,-4.412111839123847301e-01,-8.974033046465963448e-01
4.034733740550000221e+02,3.466104699829999731e+02,-5.461712543500003569e-01,-8.376735407793105548e-01
4.013907235400000104e+02,3.461910827429999813e+02,-7.090600495739421971e-01,-7.051481022439176627e-01
4.002972952179999879e+02,3.452097481210000183e+02,-7.058061241941160358e-01,-7.084050501302768810e-01
3.963591154270000061e+02,3.435895212510000079e+02,-7.821310974395769833e-01,-6.231139112698117488e-01
3.943630526059999966e+02,3.392361183510000160e+02,-7.903026838573388169e-01,-6.127166293547834375e-01
3.956148016010000106e+02,3.364218581609999887e+02,-7.962403863824485395e-01,-6.049803691802974059e-01
3.915937227460000258e+02,3.348951306600000066e+02,-8.225116605081376209e-01,-5.687482468791847934e-01
3.879659496419999982e+02,3.327072426940000014e+02,-8.207601452172473833e-01,-5.712729505437510458e-01
3.825209924079999837e+02,3.289674626639999815e+02,-8.811715131436486104e-01,-4.727967474762624911e-01
3.806930918969999880e+02,3.302786333299999910e+02,-9.394975683820468992e-01,-3.425555706804680467e-01
3.828073162150000144e+02,3.310923631750000027e+02,-9.547701291962772396e-01,-2.973449182254911949e-01
3.823745645700000182e+02,3.310902299410000182e+02,-9.714203301319347394e-01,-2.373658404369989872e-01
3.822577022230000239e+02,3.290962725489999912e+02,-9.992366997526986871e-01,3.906427866139416949e-02
3.834689837340000054e+02,3.304238755559999845e+02,-9.930972654536152078e-01,1.172937395965856361e-01
3.794980402510000204e+02,3.266961470030000214e+02,-8.824022696072992833e-01,4.704957328094347968e-01
3.772374187770000162e+02,3.253324601209999969e+02,-7.391081406349201410e-01,6.735867846441103701e-01
3.709472633429999746e+02,3.254863829959999748e+02,-6.312073274874233642e-01,7.756141500296295233e-01
3.728631316419999848e+02,3.257496796579999909e+02,-6.571897069954811821e-01,7.537252078968790237e-01
3.744687877009999966e+02,3.242587691809999910e+02,-5.723868655280199835e-01,8.199837048204118295e-01
3.750270575210000175e+02,3.228428811260000089e+02,-4.884036316354811724e-01,8.726178388076152315e-01
3.760516908980000039e+02,3.227637565769999810e+02,-5.030374456543638129e-01,8.642646170412930928e-01
3.769452446989999999e+02,3.179391198750000171e+02,-1.264608282558274954e-01,9.919716018701594251e-01
3.817278911160000234e+02,3.258455020559999866e+02,-7.430339451206702250e-01,6.692537309559154490e-01
3.777278911160000234e+02,3.168455020559999866e+02,-3.190876431338254826e-01,9.477252112291306707e-01
3.841582059799999911e+02,3.241072810310000136e+02,-7.814080519157649007e-01,6.240203974240019491e-01
3.768637085550000165e+02,3.154564953180000089e+02,-2.043646869365778052e-01,9.788948231211127560e-01
3.873788287390000278e+02,3.292963550150000174e+02,-8.201726693972225535e-01,5.721160654743355778e-01
3.803144487409999783e+02,3.180801724280000258e+02,-4.682050555805580272e-01,8.836198424259193995e-01
3.829874869980000085e+02,3.224316421039999909e+02,-7.753557281970765436e-01,6.315247380364297225e-01
3.779783319379999966e+02,3.160457665010000028e+02,-6.541519236647335145e-01,7.563631804667176883e-01
3.821685822740000162e+02,3.233364363950000211e+02,-8.426184296851090272e-01,5.385110787671885113e-01
3.841685822740000162e+02,3.133364363950000211e+02,-5.748310979196635806e-01,8.182720873062175881e-01
3.798564015439999935e+02,3.120275887980000107e+02,-6.562532963226973548e-01,7.545406623009749403e-01
3.855707812829999739e+02,3.120459599420000245e+02,-7.075842217157809477e-01,7.066290180702123891e-01
3.852639820719999761e+02,3.077859568569999738e+02,-5.850638002191113074e-01,8.109872685025159011e-01
3.901487275289999843e+02,3.128349598350000065e+02,-8.453847526437904270e-01,5.341578605594017315e-01
3.838808810300000118e+02,3.039175087630000007e+02,-3.889923031768995898e-01,9.212410043355273581e-01
3.960263988610000183e+02,3.142341335099999924e+02,-9.017344972134981873e-01,4.322902919741775096e-01
3.882068767860000094e+02,3.026337483649999740e+02,-5.402618452066306753e-01,8.414969629261455086e-01
3.898073816680000050e+02,3.055180617809999717e+02,-7.009276005365345785e-01,7.132324297212628839e-01
3.952308177259999979e+02,3.044095977420000168e+02,-7.756723137035099747e-01,6.311358504742411446e-01
3.928124056269999755e+02,3.034934582920000139e+02,-5.554707230534828843e-01,8.315360941236651371e-01
3.968949218199999791e+02,3.018501064390000010e+02,-6.573369985136390259e-01,7.535967558217592233e-01
3.967269150569999852e+02,2.944254827230000160e+02,-5.662860447602207081e-01,8.242087815049202737e-01
4.015953771299999744e+02,2.967797533770000200e+02,-7.917711061036880604e-01,6.108179070224958318e-01
4.004622461469999735e+02,2.949775028380000208e+02,-8.176838704174314021e-01,5.756675152022816544e-01
4.006671176649999779e+02,2.913298731309999994e+02,-8.262789012335493011e-01,5.632611981809847457e-01
4.086794693759999859e+02,2.951448304219999841e+02,-9.913929907091451055e-01,1.309195859020987340e-01
4.036600149750000242e+02,2.881100788319999992e+02,-9.144899030354816105e-01,4.046087211691752339e-01
4.176600149750000242e+02,2.921100788319999992e+02,-9.881300855298545960e-01,-1.536194456140311249e-01
4.130492599240000118e+02,2.904810357349999776e+02,-9.845375760640443508e-01,-1.751735177415129074e-01
4.179518543560000126e+02,2.898085108710000100e+02,-9.330363335718326878e-01,-3.597821566376405711e-01
4.195265742139999929e+02,2.866950658979999957e+02,-8.652182079251743430e-01,-5.013955052398751944e-01
4.175804690979999805e+02,2.814484757619999868e+02,-8.442066383203190583e-01,-5.360178652021833079e-01
4.174845172110000249e+02,2.810396936349999919e+02,-8.356915697073109550e-01,-5.491990534588808703e-01
4.157222617109999874e+02,2.774488716139999838e+02,-7.122580396832215444e-01,-7.019177194704621092e-01
4.154177913969999736e+02,2.771488259530000278e+02,-6.274463499518806442e-01,-7.786597960162462417e-01
4.122820578239999918e+02,2.776566829349999921e+02,-5.436814575317343579e-01,-8.392916493902277120e-01
4.055397062029999802e+02,2.794959899340000220e+02,-3.307540526369588396e-01,-9.437169897083700354e-01
4.021297249360000023e+02,2.784555003329999749e+02,-3.494618504432560058e-01,-9.369505937266785489e-01
3.976681731360000072e+02,2.782894297089999895e+02,-2.208544292409383436e-01,-9.753067830609296607e-01
3.927463497190000226e+02,2.731810886569999752e+02,-5.134107587163421610e-02,-9.986811773175376938e-01
3.873746758130000103e+02,2.725723029760000031e+02,-1.414451730008395858e-01,-9.899460909740300796e-01
3.804108085579999852e+02,2.722122330180000063e+02,-9.216275302146799409e-02,-9.957439565247202529e-01
3.762911954460000175e+02,2.726256010619999870e+02,-1.525767394028471891e-01,-9.882916262891210391e-01
3.741747873209999966e+02,2.700787926240000161e+02,-1.126041661750787209e-01,-9.936399256068645380e-01
3.703601428829999804e+02,2.653964925710000102e+02,-1.656652997044410491e-01,-9.861820361747812846e-01
3.649020050159999755e+02,2.641899854399999867e+02,6.623410928639962558e-02,-9.978041104179904419e-01
3.653771691609999834e+02,2.626114378139999985e+02,3.051926796662035590e-01,-9.522906217527095096e-01
3.666107279550000158e+02,2.627991021639999758e+02,4.374694937054676158e-01,-8.992332523194868088e-01
3.659518897300000049e+02,2.625997010240000122e+02,6.215836851921292538e-01,-7.833477658760328310e-01
3.656871211199999721e+02,2.642141541729999972e+02,6.973477364576255999e-01,-7.167329589585134109e-01
3.633545981849999862e+02,2.641250175750000153e+02,7.526009279681804554e-01,-6.584769116844064740e-01
3.575809049160000086e+02,2.643619795920000115e+02,8.290025177867692552e-01,-5.592448707884564163e-01
3.562312921129999950e+02,2.644894044440000016e+02,8.435013133339663849e-01,-5.371271119612879286e-01
3.513805395620000240e+02,2.668250130490000060e+02,9.542684681441149230e-01,-2.989509837847743601e-01
3.548309155399999781e+02,2.730650905009999860e+02,9.988211810217308972e-01,-4.854120252275034852e-02
3.481520674220000160e+02,2.797078522610000277e+02,9.778082131030133572e-01,2.095020247832752036e-01
3.456055555190000064e+02,2.783341714449999813e+02,9.285171675018543125e-01,3.712894688168967283e-01
3.466904821339999785e+02,2.816207764339999926e+02,9.363734552798297361e-01,3.510053450409448828e-01
3.460874467259999960e+02,2.824691097020000257e+02,8.411818186844453038e-01,5.407523905769895389e-01
3.463107051690000162e+02,2.823474766269999918e+02,7.346045345610766608e-01,6.784955252632871581e-01
3.464690068799999949e+02,2.913201713369999766e+02,6.363297539267757097e-01,7.714171661737175834e-01
3.460228822590000277e+02,2.939373007269999789e+02,5.206524511398503696e-01,8.537687187535426547e-01
3.518241063319999853e+02,2.949211092489999828e+02,4.103041055987530772e-01,9.119487600346892764e-01
3.524890463780000118e+02,2.973307239819999950e+02,1.700002023933512851e-01,9.854440274242974862e-01
3.545962931689999778e+02,2.990218865219999884e+02,1.121934354066752987e-01,9.936863856628247449e-01
3.564702828210000121e+02,2.995545713860000205e+02,-9.967598594480306384e-03,9.999503222551905379e-01
3.564937607059999891e+02,3.008572601820000045e+02,4.111272606067867263e-02,9.991545144550264546e-01
3.580062511450000216e+02,3.060780762489999915e+02,-1.439477055318836296e-01,9.895852960064160930e-01
3.578090550989999770e+02,3.089635841819999769e+02,-1.802315539397533195e-01,9.836242102370507112e-01
3.581663541720000126e+02,3.060770308869999781e+02,-2.460346809466186224e-01,9.692610256125516743e-01
3.603673228079999831e+02,3.050436204640000142e+02,-2.423241858444310781e-01,9.701953354633455762e-01
3.657628174519999789e+02,3.031929337010000154e+02,-4.501233105314033645e-01,8.929664077199376271e-01
3.687628174519999789e+02,3.091929337010000154e+02,-7.757927834797748723e-01,6.309877630356258704e-01
3.636649517110000147e+02,3.077998809079999774e+02,-5.712517519800617283e-01,8.207748996282172582e-01
3.698109134239999776e+02,3.083114297960000272e+02,-5.465697391684500861e-01,8.374135897066230516e-01
3.739049947249999946e+02,3.122814131100000168e+02,-8.648489474227653018e-01,5.020321684331940926e-01
3.703513684470000271e+02,3.047555032679999840e+02,-5.031558281697599000e-01,8.641957027079011366e-01
3.714399269319999917e+02,3.105291583019999848e+02,-8.461499475357087130e-01,5.329448998586227004e-01
3.719988145940000095e+02,3.025931026669999824e+02,-5.058521878997248589e-01,8.626201736552776556e-01
3.791382219490000125e+02,3.069043249050000099e+02,-7.292363595288122724e-01,6.842618884178519600e-01
3.738357166989999882e+02,3.035194863959999907e+02,-5.935422794708860028e-01,8.048028096872579251e-01
3.736907308969999804e+02,3.047351356460000034e+02,-5.497701552047487006e-01,8.353159740159088464e-01
3.760478713829999720e+02,3.021975495870000259e+02,-6.100241520927673911e-01,7.923828202728150361e-01
3.731343208769999933e+02,3.028290732190000085e+02,-4.944360447579753681e-01,8.692140114172627330e-01
3.758396506149999823e+02,3.066605991110000105e+02,-6.336468312446318363e-01,7.736224487782377146e-01
3.759624100560000102e+02,2.996180816780000100e+02,-3.944970063653360781e-01,9.188972260099537159e-01
3.789624100560000102e+02,3.046180816780000100e+02,-7.708651511224452468e-01,6.369983663911310545e-01
3.761645745239999883e+02,2.982258114709999859e+02,-4.260810524876447736e-01,9.046849930837920217e-01
3.814078433130000008e+02,3.050200375549999876e+02,-7.630571973946055353e-01,6.463309628234515936e-01
3.774078433130000008e+02,2.980200375549999876e+02,-3.526032130145543841e-01,9.357729287449026989e-01
3.783733474279999882e+02,3.075047635380000202e+02,-7.585592502649965985e-01,6.516040698441087908e-01
3.809870275389999961e+02,3.112329776170000173e+02,-6.251428545810471249e-01,7.805103531448251974e-01
3.839923038740000152e+02,3.064663797360000217e+02,-3.307764245615232857e-01,9.437091484956023901e-01
3.874301945779999983e+02,3.043792008350000060e+02,-3.216909473232935635e-01,9.468447256072359819e-01
3.899629549649999944e+02,3.022323971449999931e+02,-5.534629357898290802e-01,8.328738071922441311e-01
3.908125453800000173e+02,3.042831453659999852e+02,-3.603863523362286769e-01,9.328031287735840671e-01
3.919572126020000269e+02,3.025214047320000077e+02,-4.655524592200897538e-01,8.850202866116271272e-01
3.934481208270000252e+02,2.985481710020000037e+02,-1.688347231765748857e-01,9.856443761569835260e-01
4.049159903500000155e+02,3.054429678679999824e+02,-7.917914936416805549e-01,6.107914788179976684e-01
3.991858910180000066e+02,2.987944155989999899e+02,-4.175279343398178855e-01,9.086640875735789713e-01
4.040500274049999803e+02,3.082198641049999992e+02,-9.144253685156530365e-01,4.047545495914928182e-01
4.030500274049999803e+02,3.002198641049999992e+02,-5.781134908569375286e-01,8.159563662900152226e-01
4.123541459080000209e+02,2.999884644680000179e+02,-8.918352730937858519e-01,4.523603051393129681e-01
4.061912983820000136e+02,2.967249921869999980e+02,-7.560269882083895387e-01,6.545404442053612826e-01
4.100623830220000059e+02,2.955354501979999782e+02,-8.140541325490783242e-01,5.807890058186083726e-01
4.101300762500000019e+02,2.941002022839999768e+02,-8.497422909923647572e-01,5.271982918210635916e-01
4.135106882960000121e+02,2.914680316149999726e+02,-9.161148676603189100e-01,4.009158880011073345e-01
4.137991699899999958e+02,2.869842668090000188e+02,-9.138001845262821998e-01,4.061640343010846088e-01
4.138203600350000215e+02,2.823746065909999743e+02,-9.571488370422528424e-01,2.895964498205441107e-01
4.188474078340000233e+02,2.791391889330000140e+02,-9.640722858212166235e-01,2.656400340902219659e-01
4.181383146969999984e+02,2.735041443189999768e+02,-9.546231606233557265e-01,2.978164219808482338e-01
4.183396372600000177e+02,2.726059934360000057e+02,-9.775279074004994406e-01,2.108060489008807270e-01
4.207451346249999915e+02,2.689179672910000249e+02,-9.945918351170242033e-01,1.038608757836667063e-01
4.209178748260000020e+02,2.659409170100000210e+02,-9.993257679540771266e-01,3.671524891640994687e-02
4.197956167469999968e+02,2.634684370119999812e+02,-9.955348923041829057e-01,9.439426997916243456e-02
4.194902596630000176e+02,2.596821920309999996e+02,-9.997952245306285235e-01,2.023632886049707771e-02
4.213352415840000162e+02,2.550146740069999964e+02,-9.975889789987932854e-01,-6.939905604649869442e-02
4.206596423170000207e+02,2.522553430090000006e+02,-9.417929762684246198e-01,-3.361933816294762067e-01
4.186073232680000160e+02,2.484648557040000014e+02,-9.122136102381550593e-01,-4.097149366282261118e-01
4.195860401279999792e+02,2.443221892480000008e+02,-8.828241036014351506e-01,-4.697037386484405608e-01
4.195139531680000005e+02,2.391957857239999896e+02,-8.390168642687109157e-01,-5.441054139343767249e-01
4.131109323840000229e+02,2.373326198169999941e+02,-8.679947240974085210e-01,-4.965734174712371773e-01
4.105017659439999989e+02,2.342990805450000096e+02,-8.075776479782956763e-01,-5.897612588885809970e-01
4.171794274110000060e+02,2.277168486340000015e+02,-5.269993493027851361e-01,-8.498656869379073164e-01
4.162376925400000118e+02,2.238519025909999982e+02,-3.830612229872099039e-01,-9.237229560011719354e-01
4.155052130029999944e+02,2.225865820980000080e+02,-1.955110223656391089e-01,-9.807015040946671647e-01
4.130895608390000007e+02,2.212730391080000061e+02,1.009443285930752832e-02,-9.999490499146688194e-01
4.123768779590000122e+02,2.200548692520000031e+02,1.164231436677116704e-01,-9.931997037950259788e-01
4.117596670720000134e+02,2.212153403730000036e+02,2.037620180857899477e-01,-9.790204492172807083e-01
4.101026334719999795e+02,2.200380018470000039e+02,3.545930047439140864e-01,-9.350207489605150135e-01
4.037372901749999983e+02,2.194596875860000011e+02,6.111037553366830410e-01,-7.915505038930892301e-01
4.025208798400000205e+02,2.210419200469999907e+02,6.255890763520497444e-01,-7.801527462933071089e-01
4.008449328570000034e+02,2.278167648659999998e+02,6.222119001023050933e-01,-7.828488687933827794e-01
3.998900900959999944e+02,2.280616169070000012e+02,6.493034892040410178e-01,-7.605294069971639814e-01
3.929786833680000200e+02,2.296137922650000007e+02,6.733915855566697806e-01,-7.392859883032237844e-01
3.892450281449999920e+02,2.335237479470000039e+02,6.720609968452643246e-01,-7.404957910206847460e-01
3.813527040170000078e+02,2.374011855539999942e+02,5.251870438286115883e-01,-8.509868206938131507e-01
3.823930735069999969e+02,2.439215434099999982e+02,4.632813067509814475e-01,-8.862112788805517338e-01
3.771221562709999944e+02,2.398328456510000137e+02,6.460698457492403124e-01,-7.632782942109338498e-01
3.758068173859999774e+02,2.395786236799999926e+02,7.140213893427660441e-01,-7.001238858666558595e-01
3.748659549920000131e+02,2.384881714400000021e+02,8.701604619801996954e-01,-4.927684754592214778e-01
3.695965314449999823e+02,2.371943436070000075e+02,9.686067981159424134e-01,-2.485978090080079306e-01
3.724629815139999778e+02,2.402234489090000125e+02,9.987913973911657362e-01,4.915022377774443119e-02
3.753598412810000013e+02,2.478466747710000107e+02,9.969308115833038775e-01,7.828765493904504824e-02
3.743677855180000051e+02,2.467863398419999896e+02,9.033152015337789775e-01,4.289774430876152622e-01
3.766576054340000042e+02,2.475490571230000114e+02,9.273109306041198430e-01,3.742919154645490964e-01
3.814573555530000135e+02,2.504559264830000131e+02,8.704834126054937782e-01,4.921977533255244008e-01
3.793864104209999937e+02,2.532417224780000140e+02,8.709661172979971111e-01,4.913430802594572766e-01
3.806525799639999832e+02,2.537820345149999923e+02,7.232991772282686416e-01,6.905347929111969041e-01
3.831097318270000187e+02,2.618807060340000135e+02,3.115639946724102494e-01,9.502251718533719638e-01
3.857635389659999987e+02,2.644460718720000045e+02,2.994014114459820353e-01,9.541272424703918231e-01
3.866241828290000058e+02,2.686461035240000115e+02,2.263300648590884923e-01,9.740506669269729523e-01
3.890924532390000081e+02,2.665072883569999931e+02,1.672756070354365632e-01,9.859101740477811404e-01
3.924440312639999888e+02,2.718306899969999790e+02,-1.707371163605925779e-01,9.853166176904099016e-01
4.033970237269999757e+02,2.697987506879999842e+02,-3.377950833339579129e-01,9.412196776924101060e-01
4.050378988150000055e+02,2.701434304449999786e+02,-4.746037051761043402e-01,8.801995927249190999e-01
4.078622089539999820e+02,2.719188939819999860e+02,-7.246619761867751919e-01,6.891045060577369874e-01
4.074959014020000154e+02,2.717784857039999906e+02,-7.061041975819084549e-01,7.081079452719120093e-01
4.075313344799999982e+02,2.753478245389999870e+02,-7.939125061877613243e-01,6.080320160309552469e-01
4.061473313249999819e+02,2.728455074920000243e+02,-7.856869444709011496e-01,6.186243005960718744e-01
4.121673888500000089e+02,2.711055545859999825e+02,-7.867450670259148460e-01,6.172780568839205673e-01
4.069272467089999736e+02,2.696138696180000238e+02,-7.732185566112892428e-01,6.341396247767163707e-01
4.136236312280000220e+02,2.747521384969999758e+02,-7.737672336825905939e-01,6.334700214526266526e-01
4.143388650210000037e+02,2.674533420139999862e+02,-6.229489493238562492e-01,7.822624920934810877e-01
4.169599926939999932e+02,2.670267615480000245e+02,-8.140533213236901267e-01,5.807901428587342041e-01
4.160590853200000083e+02,2.662840114379999932e+02,-8.429553577297881350e-01,5.379835172890011785e-01
4.155320821160000264e+02,2.628407207060000133e+02,-7.378257541784609685e-01,6.749912269585326419e-01
4.245320821160000264e+02,2.648407207060000133e+02,-9.156262171666232907e-01,4.020306337048702994e-01
4.169563066840000261e+02,2.608807735720000096e+02,-7.686113218570265193e-01,6.397160588207820853e-01
4.318069687440000166e+02,2.661250893299999802e+02,-9.826634467452742827e-01,1.853983560625537264e-01
4.182150679160000095e+02,2.586747486119999735e+02,-7.745242460412078422e-01,6.325442216116582417e-01
4.229604699160000223e+02,2.600315284120000001e+02,-9.192669873332516284e-01,3.936346097578913295e-01
4.225677156579999973e+02,2.578431583280000154e+02,-9.378920026659480769e-01,3.469273574327301768e-01
4.190041000609999742e+02,2.530293857110000033e+02,-8.259742106184938537e-01,5.637079060942431497e-01
4.300654120620000072e+02,2.640656645700000240e+02,-9.879031147648367206e-01,1.550723567820321558e-01
4.194606888409999783e+02,2.541115742599999976e+02,-6.964725790964081398e-01,7.175834073937311652e-01
4.325235146630000145e+02,2.565404240340000115e+02,-9.693209933685467128e-01,2.457983153217566663e-01
4.251148158309999872e+02,2.533103589160000126e+02,-7.149336672567002671e-01,6.991922850138477807e-01
4.285663361300000247e+02,2.522439073600000086e+02,-8.652936466107002955e-01,5.012653041405883414e-01
4.262216704329999857e+02,2.464314242229999934e+02,-6.490016869379299225e-01,7.607869677851489820e-01
4.307173771939999938e+02,2.510340617889999919e+02,-7.998820304579192797e-01,6.001572605163718599e-01
4.275849839169999882e+02,2.446391205470000045e+02,-7.591731043177092353e-01,6.508887751994287818e-01
4.352271716689999721e+02,2.450652713499999891e+02,-7.790661506497821298e-01,6.269417300768317380e-01
4.340262910229999989e+02,2.385946017839999911e+02,-6.465699684725567664e-01,7.628546885674865052e-01
4.391447762079999961e+02,2.387950858519999997e+02,-7.036869652676769338e-01,7.105101370933192273e-01
4.397737937100000067e+02,2.386040475750000098e+02,-7.157795864688930587e-01,6.983262730231624138e-01
4.425829631159999735e+02,2.353946095109999987e+02,-7.165230404419146160e-01,6.975634254430735925e-01
4.445579063669999869e+02,2.338006793080000136e+02,-7.348223421831797664e-01,6.782596298088409137e-01
4.427741710120000107e+02,2.322199070659999904e+02,-6.442424781053868177e-01,7.648213055378557668e-01
4.493339168680000171e+02,2.322037673989999860e+02,-7.120342418517885408e-01,7.021447417951293124e-01
4.465232504740000081e+02,2.293341137520000075e+02,-3.563165878619084515e-01,9.343652868201208772e-01
4.490024189910000132e+02,2.284351681990000031e+02,-4.173474239612051662e-01,9.087470097408552050e-01
4.556003023659999940e+02,2.263801351769999997e+02,1.973726248848517439e-02,9.998052012614560002e-01
4.588563070870000047e+02,2.309111724470000127e+02,-2.194179115179118247e-02,9.997592499202251348e-01
4.604646432920000052e+02,2.277998456729999930e+02,1.839616122753348626e-01,9.829334286761537420e-01
4.606490919469999881e+02,2.280944364229999906e+02,2.995944308586896421e-01,9.540666522829827079e-01
4.600836780889999886e+02,2.294014132780000068e+02,3.995786832206005279e-01,9.166989014478478248e-01
4.624117101879999723e+02,2.281880132699999990e+02,5.450280986000107797e-01,8.384177787573787732e-01
4.642601171430000022e+02,2.302684049190000053e+02,6.007914023396458969e-01,7.994058361525525624e-01
4.659238666819999821e+02,2.305079973820000134e+02,6.547345723917000759e-01,7.558588755284002536e-01
4.658733298889999901e+02,2.354232855909999955e+02,7.240867685922700581e-01,6.897088889883936647e-01
4.639355905180000263e+02,2.373049276030000101e+02,5.984421186981985219e-01,8.011660443179123847e-01
4.674363021749999803e+02,2.372545783749999941e+02,6.496761472164616080e-01,7.602110915646880240e-01
4.688830251620000240e+02,2.406512772220000045e+02,7.134378624082554632e-01,7.007185001713164274e-01
4.735466549199999804e+02,2.467385248340000032e+02,8.471648691525104358e-01,5.313301087589614724e-01
4.784029457070000149e+02,2.494490357669999980e+02,9.506421467425278937e-01,3.102893953018022177e-01
4.825049493710000093e+02,2.557770341140000028e+02,9.991980833851747956e-01,4.003985713502697386e-02
4.845842886469999939e+02,2.566393231440000022e+02,9.985281969135205715e-01,5.423504373219772967e-02
4.862814503619999869e+02,2.579593425759999832e+02,9.927627855178213778e-01,-1.200918468960159025e-01
4.905926701939999930e+02,2.627555907870000169e+02,8.897207191683188521e-01,-4.565052484721390802e-01
4.899457087380000075e+02,2.635730027270000164e+02,8.613364614696719102e-01,-5.080349398839654196e-01
4.898288957340000138e+02,2.668999915100000067e+02,8.620012184232245245e-01,-5.069062037861407077e-01
4.894147131619999982e+02,2.713319033760000138e+02,8.207213652558782435e-01,-5.713286625161801968e-01
4.896803547609999896e+02,2.734312571830000138e+02,5.843214672955839850e-01,-8.115222873449230434e-01
4.815798113650000118e+02,2.768567989950000197e+02,4.121063631828029150e-01,-9.111357447846307744e-01
4.821427499850000231e+02,2.782198444620000259e+02,4.009053248267736569e-01,-9.161194903098280884e-01
4.746791517479999811e+02,2.804207340710000267e+02,4.085968761949619332e-01,-9.127149570176436022e-01
4.751576776190000260e+02,2.854404364559999863e+02,2.015549052931109031e-01,-9.794772177811411629e-01
4.717369816990000118e+02,2.870805997290000278e+02,6.157061996952415545e-02,-9.981027295607243222e-01
4.714703410729999860e+02,2.920896660170000132e+02,7.362427455013846600e-02,-9.972860503370964969e-01
4.677792382470000234e+02,2.908824562620000052e+02,-1.948157067479417293e-03,-9.999981023402196856e-01
4.621468772929999886e+02,2.904863654260000203e+02,-1.271587504605106445e-01,-9.918823781988072019e-01
4.585110053989999983e+02,2.899595247999999970e+02,-2.755470515534316212e-01,-9.612875856788177797e-01
4.538660559950000106e+02,2.896747599070000092e+02,-3.392892075962651854e-01,-9.406821108157092937e-01
4.471485523779999767e+02,2.914680709140000090e+02,-4.627163019999253057e-01,-8.865064150154322586e-01
4.462508279369999968e+02,2.872896053329999972e+02,-5.362598989255730197e-01,-8.440529135097717406e-01
4.420270252899999832e+02,2.819003431809999825e+02,-7.383033991294613019e-01,-6.744687471142628565e-01
4.377981613410000250e+02,2.792927864879999902e+02,-8.637555292779154348e-01,-5.039110890244707930e-01
4.402210469259999854e+02,2.780306192099999976e+02,-9.387896047281368839e-01,-3.444910420524581185e-01
4.340585074979999831e+02,2.772227382329999728e+02,-9.956221434368287548e-01,9.346950036378119664e-02
4.316218604680000226e+02,2.765439985429999865e+02,-9.974427532894933890e-01,7.146995110026951870e-02
4.323745300759999850e+02,2.734554935279999768e+02,-9.570930014591837454e-01,2.897809285613029417e-01
4.313478842459999782e+02,2.728027846800000020e+02,-9.536176351432404941e-01,3.010206071746806544e-01
4.342646470309999813e+02,2.655902018809999845e+02,-9.309212736539155264e-01,3.652199094498707610e-01
4.332531532909999896e+02,2.647857082470000023e+02,-8.830722865428903834e-01,4.692369729037891291e-01
4.289524840459999950e+02,2.616429635759999996e+02,-7.254100846017768056e-01,6.883169394675995312e-01
4.333047869330000026e+02,2.642347954499999787e+02,-7.293400357121243571e-01,6.841513811339103857e-01
4.332530277999999839e+02,2.658160252559999890e+02,-6.057527376950848641e-01,7.956529524704283318e-01
4.312024588869999775e+02,2.648273996500000180e+02,-6.371066807216767547e-01,7.707756336183749779e-01
4.303354755400000045e+02,2.644680515129999776e+02,-6.744316809322349338e-01,7.383372588153195304e-01
4.327927400870000270e+02,2.621112774860000059e+02,-6.281076123082410811e-01,7.781264854510738793e-01
4.314726781919999894e+02,2.613885039529999972e+02,-6.999371496207531518e-01,7.142044431258989245e-01
4.322106733830000280e+02,2.618348220980000178e+02,-7.755773282216364972e-01,6.312525706471125986e-01
4.345765188990000070e+02,2.620588352629999918e+02,-7.075044364135689712e-01,7.067089022045202062e-01
4.251094622219999906e+02,2.549516027900000097e+02,-5.128710640930858045e-01,8.584656496424454275e-01
4.348689570619999927e+02,2.606201088799999752e+02,-9.338578001306245824e-01,3.576445290161592849e-01
4.272182194480000135e+02,2.562273109249999834e+02,-5.831940918533411455e-01,8.123328450994437011e-01
4.347348378660000208e+02,2.618113047940000229e+02,-8.517093832369843076e-01,5.240144334902195888e-01
4.330704707539999845e+02,2.565120460510000271e+02,-7.427489534074341870e-01,6.695700054603410667e-01
4.358282755029999862e+02,2.577053839089999769e+02,-7.291229487662472808e-01,6.843827332585271650e-01
4.374861189439999976e+02,2.611294572630000062e+02,-8.863760812742670359e-01,4.629659194205055228e-01
4.294861189439999976e+02,2.471294572630000062e+02,-5.070919067418439008e-01,8.618919875001281872e-01
4.425068834589999938e+02,2.587870091070000171e+02,-8.995518019642979590e-01,4.368140972802783129e-01
4.365068834589999938e+02,2.507870091069999887e+02,-6.646253775376456119e-01,7.471767578912917873e-01
4.404983714050000003e+02,2.530762696349999885e+02,-7.562997459027256397e-01,6.542252626943357852e-01
4.405037616690000277e+02,2.522482787300000098e+02,-7.938942835549698263e-01,6.080558087369457576e-01
4.352479341750000117e+02,2.462310562970000092e+02,-5.090742759938161610e-01,8.607225926634968216e-01
4.391420539029999759e+02,2.514127374310000107e+02,-7.913860272984633015e-01,6.113167393395635418e-01
4.355138770230000205e+02,2.471083780680000075e+02,-5.284332881169605534e-01,8.489748288435278178e-01
4.429834221660000253e+02,2.507340562679999891e+02,-7.764478491351097800e-01,6.301815116087283730e-01
4.395257736130000126e+02,2.405872364489999882e+02,-3.485074601537028749e-01,9.373060067113702098e-01
4.435257736130000126e+02,2.485872364489999882e+02,-7.093822419675689384e-01,7.048239743234231414e-01
4.435664701389999891e+02,2.431742708540000137e+02,-6.216136412798743960e-01,7.833239948927745999e-01
4.520766470799999865e+02,2.422768631970000115e+02,-7.427267577252272268e-01,6.695946261425427259e-01
4.482049286069999994e+02,2.408633533050000040e+02,-6.666328705672904809e-01,7.453862192710662971e-01
4.501960207920000130e+02,2.389971277589999943e+02,-6.327692532350916998e-01,7.743404110340001978e-01
4.519999239819999843e+02,2.385584074690000023e+02,-7.689274974638070637e-01,6.393359865079135673e-01
4.504676792710000086e+02,2.362093645219999871e+02,-7.436545641363164760e-01,6.685640502145064890e-01
4.547308720720000110e+02,2.359334041090000085e+02,-8.775393428136520901e-01,4.795046421195351960e-01
4.542200761170000192e+02,2.329727283969999974e+02,-8.570621639046331897e-01,5.152130114846747988e-01
4.553694312630000240e+02,2.316255366729999992e+02,-9.995751611156569183e-01,2.914613663264146309e-02
4.543378655359999811e+02,2.271328934219999951e+02,-9.863095400971335636e-01,-1.649044908829986056e-01
4.580820593820000113e+02,2.260373461039999938e+02,-8.865773655848178114e-01,-4.625803441918867054e-01
4.521725611150000077e+02,2.254546179019999954e+02,-9.466643613586466222e-01,-3.222213322134734881e-01
4.564739453139999910e+02,2.228768393180000089e+02,-8.223936039930690445e-01,-5.689189398423039057e-01
4.579020824670000138e+02,2.208585653819999948e+02,-7.088559687362975259e-01,-7.053532558845426736e-01
4.565368045270000152e+02,2.180562132190000000e+02,-6.450964025217256204e-01,-7.641011918938013237e-01
4.551338886230000185e+02,2.158356110860000001e+02,-6.539706118313542982e-01,-7.565199527183167350e-01
4.539731110860000172e+02,2.147174817329999996e+02,-6.877563157542557759e-01,-7.259416299814553941e-01
4.492084266589999970e+02,2.097258326710000063e+02,-4.838563669668377587e-01,-8.751474253779489842e-01
4.485654234240000164e+02,2.084819239660000108e+02,-4.257643400155401991e-01,-9.048340879802945214e-01
4.467045157750000044e+02,2.053699037940000096e+02,-2.827738869872689076e-01,-9.591865975075503092e-01
4.447975717030000169e+02,2.018702101210000137e+02,-7.240883057889876961e-02,-9.973750354075423541e-01
4.432094983270000057e+02,2.025915576399999907e+02,-2.074493861851042960e-03,-9.999978482352934739e-01
4.423912811019999936e+02,2.028792093710000017e+02,2.737833757127485779e-01,-9.617913823607133761e-01
4.357049483050000163e+02,2.017388481749999869e+02,4.504402961838693265e-01,-8.928065521566180829e-01
4.334494278070000064e+02,2.020487866059999931e+02,4.633615297135212363e-01,-8.861693364033453868e-01
4.314593198260000122e+02,2.023748538940000117e+02,4.448227818149728674e-01,-8.956186089951397866e-01
4.264329594320000183e+02,2.066220099820000087e+02,5.354197569826272263e-01,-8.445861020835380151e-01
4.244745925330000205e+02,2.095401053059999867e+02,5.375653746210414807e-01,-8.432220751430428152e-01
4.173768425630000252e+02,2.132028409149999959e+02,6.384528091886988443e-01,-7.696609711028998824e-01
4.191938188629999900e+02,2.225819685840000091e+02,6.923746292518792034e-01,-7.215381991054408140e-01
4.197059214399999973e+02,2.200677981210000098e+02,6.645948159005722333e-01,-7.472039418245092213e-01
4.145593850100000282e+02,2.198618647220000071e+02,7.570349855024919306e-01,-6.533743419550860354e-01
4.107118051219999870e+02,2.296181023130000085e+02,9.661227419082994983e-01,-2.580830245630064690e-01
4.102436627550000026e+02,2.306106791880000060e+02,9.985458563941020937e-01,-5.390892948454217154e-02
4.096162371749999807e+02,2.335247262709999916e+02,9.998608816310216030e-01,1.667984964069242626e-02
4.085138181629999963e+02,2.418510931540000115e+02,9.991071401088222892e-01,4.224834415181322883e-02
4.054604193509999845e+02,2.426081463740000004e+02,9.318037786833354152e-01,3.629624195856339108e-01
4.125718278479999981e+02,2.477103361050000103e+02,9.200837824759490191e-01,3.917216272108938191e-01
4.123054859790000251e+02,2.514266745749999927e+02,8.638608755685469598e-01,5.037304712462244982e-01
4.141352547999999842e+02,2.544285234330000094e+02,8.203059436321297193e-01,5.719249591002313338e-01
4.153701254499999891e+02,2.606860316930000181e+02,6.172238302280756983e-01,7.867876100947343021e-01
4.179309190980000039e+02,2.621572970839999925e+02,5.576216298051964726e-01,8.300952463262252223e-01
4.199215841189999878e+02,2.667939115660000198e+02,2.556043222586902308e-01,9.667814801922282042e-01
4.173169251319999944e+02,2.670496448690000193e+02,2.472612356191983551e-01,9.689488538411443752e-01
4.194760115349999978e+02,2.643015417299999967e+02,1.966929464619804335e-01,9.804651369692368723e-01
4.261149693639999896e+02,2.663967476889999944e+02,3.759385844204527621e-02,9.992931010506574951e-01
4.279758587800000100e+02,2.710815050769999743e+02,-6.102588245688820440e-02,9.981361839300076921e-01
4.309890741969999794e+02,2.713780387740000037e+02,-2.671039873557300992e-01,9.636677124085200052e-01
4.284034145460000218e+02,2.719143567950000033e+02,-3.657170935940040613e-01,9.307260646684148986e-01
4.259746658259999776e+02,2.705297079939999776e+02,-4.272691431290610020e-01,9.041244822090362954e-01
4.276351050949999717e+02,2.715272059189999823e+02,-4.799200162058041563e-01,8.773122466060876423e-01
4.323941730810000195e+02,2.739730070460000206e+02,-6.167118520719985231e-01,7.871889808133275546e-01
4.312142111269999987e+02,2.729966182599999911e+02,-5.369894791088704045e-01,8.435889397842909476e-01
4.342142111269999987e+02,2.799966182599999911e+02,-6.662457996970497787e-01,7.457322135901323090e-01
4.348262756029999991e+02,2.772600264519999769e+02,-7.740260954741231547e-01,6.331536966054005511e-01
4.381284245109999915e+02,2.773710254210000130e+02,-8.569165723975101789e-01,5.154551269999191332e-01
4.309985439309999720e+02,2.715903638749999800e+02,-7.303074568646910070e-01,6.831185976445286467e-01
4.389822308189999944e+02,2.771961495460000151e+02,-8.239256689245419985e-01,5.666978843151313505e-01
4.327093673289999742e+02,2.772463637619999872e+02,-7.403604170990681910e-01,6.722101254763229727e-01
4.378900414060000230e+02,2.720287227559999792e+02,-6.983178893675625609e-01,7.157877656046047754e-01
4.468762051890000180e+02,2.718756599800000231e+02,-9.239824293367899788e-01,3.824349229305346598e-01
4.371196582019999823e+02,2.682711076879999723e+02,-7.130683185949571179e-01,7.010945535490635816e-01
4.501196582019999823e+02,2.732711076879999723e+02,-9.348101716593351096e-01,3.551477762315913833e-01
4.429639438969999787e+02,2.677559168089999844e+02,-8.288355323761681381e-01,5.594923236923934340e-01
4.444623949560000256e+02,2.659641956560000153e+02,-7.405845946409624903e-01,6.719631375161000397e-01
4.574623949560000256e+02,2.699641956560000153e+02,-9.939499307231250969e-01,1.098341259149209770e-01
4.394947987169999806e+02,2.693102925019999816e+02,-7.448767320711073836e-01,6.672021088239062925e-01
4.460876624030000244e+02,2.668224111600000015e+02,-8.142845746727922496e-01,5.804658744921615821e-01
4.473214608509999834e+02,2.580446067830000061e+02,-8.651579796319707194e-01,5.014994220127543256e-01
4.521563775600000099e+02,2.602073387519999983e+02,-9.070521232568683478e-01,4.210183436564336468e-01
4.541961973869999838e+02,2.612736211359999743e+02,-9.209074688187000035e-01,3.897812641391772415e-01
4.476673799669999880e+02,2.603741228499999920e+02,-7.497840795533624592e-01,6.616825780148039016e-01
4.539383687260000215e+02,2.585611531619999823e+02,-8.192093301254826931e-01,5.734946150011854815e-01
4.469242606239999986e+02,2.542425540840000053e+02,-6.570777256122711796e-01,7.538228323049155355e-01
4.576543219999999792e+02,2.598226927630000205e+02,-9.107910447689595568e-01,4.128676213614564938e-01
4.526173659950000001e+02,2.519751097179999988e+02,-5.641177206940288791e-01,8.256943727548188283e-01
4.585990628679999759e+02,2.518346064019999915e+02,-7.067140379755354473e-01,7.074993063800935067e-01
4.551529668179999817e+02,2.472529648379999969e+02,-5.963860686742623596e-01,8.026977370662371492e-01
4.584589986689999819e+02,2.483153387540000097e+02,-6.547582750777228844e-01,7.558383433097615178e-01
4.613888008440000021e+02,2.509219244409999874e+02,-8.178177039647421820e-01,5.754773697391039056e-01
4.578652410230000100e+02,2.458986383799999942e+02,-4.990417844020586524e-01,8.665779234557092758e-01
4.652856158999999820e+02,2.503736851030000139e+02,-9.090435341985813045e-01,4.167011554240674376e-01
4.612050786460000040e+02,2.443575245750000136e+02,-5.830172029600491079e-01,8.124598088845016441e-01
4.672050786460000040e+02,2.503575245750000136e+02,-7.994399073701841107e-01,6.007460649092523086e-01
4.649204898940000135e+02,2.415156846200000018e+02,-4.098578606713066397e-01,9.121494033577721705e-01
4.668211132110000108e+02,2.389299773340000002e+02,-2.928937463127567198e-01,9.561449959974054336e-01
4.681670841409999753e+02,2.374544822100000090e+02,-9.885725941339496003e-02,9.951016240873454821e-01
4.700177923400000282e+02,2.358389713379999932e+02,-1.818148205490999116e-03,9.999983471671854973e-01
4.754752381540000101e+02,2.391971507439999982e+02,1.541228825478472841e-01,9.880516874511892089e-01
4.771548186590000000e+02,2.400331380970000055e+02,2.701485528927994872e-01,9.628186534181431000e-01
4.795276003660000015e+02,2.390348685120000027e+02,4.439696650626338004e-01,8.960418162698506883e-01
4.839966254540000250e+02,2.405201241190000019e+02,5.172109367221425780e-01,8.558579595557921360e-01
4.870179394219999836e+02,2.391451941859999977e+02,6.639646256746067898e-01,7.477639840569879626e-01
4.866583570309999800e+02,2.406843934039999908e+02,7.439793057821916245e-01,6.682026583064812897e-01
4.866032521110000175e+02,2.424426242579999951e+02,8.441484781150554451e-01,5.361094542125104390e-01
4.893905480870000133e+02,2.429545030310000016e+02,9.205724075818685348e-01,3.905719426673173178e-01
4.888294992410000077e+02,2.430166804840000054e+02,9.633502857289089061e-01,2.682465787033072591e-01
4.922558545179999783e+02,2.459762359730000014e+02,9.984789660554383994e-01,5.513396725125697950e-02
4.927691976620000105e+02,2.453378481919999956e+02,9.999678316375874010e-01,-8.020953186606703117e-03
4.941527740309999785e+02,2.486305845809999937e+02,9.907150623133056389e-01,-1.359546442955995027e-01
4.965950877529999730e+02,2.496158958329999962e+02,9.844985433386641560e-01,-1.753927540237861793e-01
4.969311350419999940e+02,2.487220298569999954e+02,9.695096504334864695e-01,-2.450531324352717977e-01
4.996487054629999989e+02,2.549313921030000074e+02,9.012465270577698639e-01,-4.333067013863372563e-01
4.969115962770000010e+02,2.552834360429999947e+02,8.589164808880550561e-01,-5.121156889403792878e-01
4.954162062249999963e+02,2.585453454139999963e+02,7.794714498454219376e-01,-6.264377533928457975e-01
4.926349708440000086e+02,2.617081830679999825e+02,5.841780928408139006e-01,-8.116255022144569509e-01
4.933628427529999954e+02,2.622483223300000077e+02,5.732143491956480652e-01,-8.194054612194194842e-01
4.948439101660000006e+02,2.630027091090000226e+02,5.430643133935759703e-01,-8.396911048226983754e-01
4.936890707439999915e+02,2.609885613789999752e+02,5.234116168821836279e-01,-8.520799723692479288e-01
4.908060664280000083e+02,2.651950697569999988e+02,3.103239171584593614e-01,-9.506308781222234661e-01
4.861746450559999744e+02,2.704583251120000114e+02,1.846391959257097648e-01,-9.828063732637815075e-01
4.839199024380000083e+02,2.702696801029999847e+02,1.532476906830474994e-01,-9.881878087187238036e-01
4.762220157410000070e+02,2.753832225240000184e+02,-7.569164987432766556e-02,-9.971312722702574405e-01
4.779518708329999868e+02,2.741194969989999777e+02,-2.855609239795830478e-01,-9.583605577734962688e-01
4.731662493009999935e+02,2.768557565429999840e+02,-2.432046360362609960e-01,-9.699750022606097311e-01
4.708471749930000101e+02,2.751236502730000097e+02,-3.820009923856511613e-01,-9.241619132037295348e-01
4.650144970019999846e+02,2.740764485509999986e+02,-6.146109739184597576e-01,-7.888303687986425450e-01
4.635044877189999966e+02,2.729037807089999887e+02,-6.040627508188392003e-01,-7.969367560058808753e-01
4.624925863380000237e+02,2.704742601649999756e+02,-6.326082033905657820e-01,-7.744719885205406662e-01
4.588339765279999938e+02,2.692577230489999920e+02,-6.717990550281242035e-01,-7.407334403571363968e-01
4.599839264980000166e+02,2.721115650279999727e+02,-7.398070853012643777e-01,-6.728190518542468412e-01
4.603721897039999931e+02,2.722761757480000142e+02,-8.453305672902919898e-01,-5.342436073596699142e-01
4.607997433369999953e+02,2.710923057539999945e+02,-8.987593237460047568e-01,-4.384423314184251463e-01
4.589576666390000241e+02,2.702013308530000018e+02,-9.711542035797166017e-01,-2.384523282952933365e-01
4.602310075710000206e+02,2.684580905060000191e+02,-9.667618438898657462e-01,-2.556785818144861611e-01
4.599705688660000078e+02,2.669436350540000262e+02,-9.995440302596669824e-01,-3.019489314870728996e-02
4.606562500320000026e+02,2.649709757200000126e+02,-9.996225444349957634e-01,-2.747305329417964667e-02
4.594903904999999895e+02,2.651144020070000238e+02,-9.975745778532322250e-01,6.960575853293712867e-02
4.621270189850000065e+02,2.626531430750000027e+02,-9.968785686881649344e-01,7.895010633454253857e-02
4.577607300369999734e+02,2.641940010110000117e+02,-9.943510334798064676e-01,1.061415197631957741e-01
4.561287148540000089e+02,2.618684448299999872e+02,-9.476785311438428172e-01,3.192262545735369272e-01
4.573841907159999778e+02,2.601515439789999959e+02,-8.977308717038264829e-01,4.405443019605268518e-01
4.536621641500000237e+02,2.559767590440000049e+02,-7.914729146563758144e-01,6.112042419399109638e-01
4.508632214940000154e+02,2.526744231890000094e+02,-6.836673287938298538e-01,7.297937952188340294e-01
4.558632214940000154e+02,2.616744231889999810e+02,-8.889475225064356056e-01,4.580090634798291704e-01
4.520005670990000226e+02,2.580522699109999962e+02,-7.280175903158028206e-01,6.855584498719069497e-01
4.503872214460000123e+02,2.529553136819999963e+02,-6.068046611904122090e-01,7.948509943112539444e-01
4.553812712010000041e+02,2.532494506360000059e+02,-7.192157107038096298e-01,6.947868460735378005e-01
4.548939818769999874e+02,2.494174680060000071e+02,-5.779717387348995983e-01,8.160567806370809807e-01
4.625316838250000160e+02,2.587231267029999913e+02,-8.851878139846685034e-01,4.652338486965924003e-01
4.573573239379999791e+02,2.497113452309999957e+02,-5.469102807885986017e-01,8.371912235372133138e-01
4.651517472479999924e+02,2.589657659079999803e+02,-9.110137301984172487e-01,4.123760218416748780e-01
4.568447586309999906e+02,2.529077225229999897e+02,-6.163814563518067446e-01,7.874477127185181002e-01
4.623820931870000095e+02,2.548630234720000090e+02,-7.877970976377048906e-01,6.159348447308435892e-01
4.565134982399999899e+02,2.467296296149999932e+02,-5.493812619796426544e-01,8.355717976246297418e-01
4.616382067370000186e+02,2.558498219079999956e+02,-8.769048362783298245e-01,4.806640283104984257e-01
4.617467804170000250e+02,2.473181318970000007e+02,-5.722221924325143760e-01,8.200986297316478213e-01
4.622294047340000134e+02,2.469735084970000116e+02,-6.157930676237405310e-01,7.879079247390162744e-01
4.614075101720000021e+02,2.500206716419999964e+02,-6.702514193194127889e-01,7.421341084334506233e-01
4.586954877559999773e+02,2.452964126070000077e+02,-4.666638960244898771e-01,8.844347393376427169e-01
4.678454520480000269e+02,2.535168081230000041e+02,-7.961365377952525080e-01,6.051170243741191834e-01
4.630197150189999888e+02,2.404724667289999900e+02,-3.957661346535200075e-01,9.183513307342739962e-01
4.733911314229999903e+02,2.504654843849999963e+02,-8.282851236463220079e-01,5.603068391035370688e-01
4.623025442040000144e+02,2.431764771910000036e+02,-4.727379575746553653e-01,8.812030546180280588e-01
4.717665533169999890e+02,2.428619056949999901e+02,-6.894632044595008225e-01,7.243207091450833968e-01
4.699412087840000254e+02,2.356704418729999873e+02,-5.968441372170852910e-01,8.023571996745546553e-01
4.764684315310000216e+02,2.457487276340000051e+02,-9.389779527640986778e-01,3.439773309724668549e-01
4.716141423060000193e+02,2.357998574990000122e+02,-8.284419007550285485e-01,5.600750102204126168e-01
4.763956216839999911e+02,2.388796878070000105e+02,-9.930605124077899193e-01,1.176045011739679375e-01
4.708639059779999911e+02,2.376060390499999926e+02,-9.761770671230636243e-01,2.169754217025827714e-01
4.724443132029999788e+02,2.339927184199999886e+02,-9.767305817937291801e-01,2.144699759613995504e-01
4.771948950589999754e+02,2.286540353359999926e+02,-9.820916916070334679e-01,-1.884035808482295571e-01
4.715551914170000032e+02,2.278780386949999865e+02,-9.998523078591573521e-01,1.718611267031837711e-02
4.791175482589999888e+02,2.294752843260000077e+02,-9.533376486222978619e-01,-3.019061571404401678e-01
4.833581503139999995e+02,2.280513258770000107e+02,-8.374749916981720776e-01,-5.464756520469568057e-01
4.747540620149999882e+02,2.291813283550000051e+02,-8.561106188986714605e-01,-5.167926162484653974e-01
4.785830599989999996e+02,2.236728732340000079e+02,-6.407079845431876697e-01,-7.677846563604969754e-01
4.783722191929999781e+02,2.270925645490000022e+02,-5.401556530472417794e-01,-8.415651314551404472e-01
4.771484638769999833e+02,2.261164336280000100e+02,-4.569453943574406374e-01,-8.894947479190211670e-01
4.759061230870000259e+02,2.238315355919999945e+02,-5.273517136757093215e-01,-8.496470856086618673e-01
4.693966306020000161e+02,2.253854534890000139e+02,-3.181668589598090069e-01,-9.480347303024552197e-01
4.678059808790000034e+02,2.224275940809999952e+02,-3.033645850744560724e-01,-9.528745607490017866e-01
4.637096953089999829e+02,2.212998254770000131e+02,-1.733777390737862023e-01,-9.848554003475140650e-01
4.630404489449999801e+02,2.210611066870000059e+02,-2.302195156057234293e-01,-9.731387232220625183e-01
4.533692464779999796e+02,2.238607012790000113e+02,-1.385407095709796643e-01,-9.903567396607999562e-01
4.494559861160000196e+02,2.213656963999999903e+02,2.823526443584352397e-02,-9.996013054424438549e-01
4.456169624809999732e+02,2.204193295350000028e+02,1.290851122992175692e-01,-9.916335178798154626e-01
4.442141497700000059e+02,2.210149418789999913e+02,2.996925034923117459e-01,-9.540358501390346913e-01
4.393924517500000206e+02,2.229838062409999964e+02,3.389258907872477189e-01,-9.408130741832144706e-01
4.379956091010000137e+02,2.266260851270000103e+02,3.094558720097913551e-01,-9.509138043369964599e-01
4.362344191149999801e+02,2.259489487639999936e+02,3.667870830662942061e-01,-9.303049154420928168e-01
4.296108578980000061e+02,2.270240214940000101e+02,3.975175639424099461e-01,-9.175945653486031750e-01
4.206649975440000162e+02,2.293385651209999878e+02,5.514757486949598553e-01,-8.341909245498499992e-01
4.196517577970000161e+02,2.319506025860000022e+02,6.960281969144487269e-01,-7.180144490886108954e-01
4.174048092389999738e+02,2.348385068279999928e+02,7.730138530259639262e-01,-6.343891416393832028e-01
4.168667716219999875e+02,2.371050665559999970e+02,8.076466650680931281e-01,-5.896667401205424319e-01
4.135356158980000032e+02,2.374962740429999997e+02,9.366702195565118627e-01,-3.502126493945582064e-01
4.126355927540000152e+02,2.395490364339999871e+02,9.987297217753925427e-01,5.038792357745103256e-02
4.125032126479999874e+02,2.447994468150000102e+02,9.846008390913472130e-01,1.748175839571493306e-01
4.104223284749999721e+02,2.487812454689999981e+02,9.442837473905976164e-01,3.291325028221459559e-01
4.117574008959999787e+02,2.487746406820000118e+02,8.476598715945320439e-01,5.305400475820288841e-01
4.128002708359999815e+02,2.494414018399999975e+02,6.956137495466614418e-01,7.184159738213192758e-01
4.161704242129999898e+02,2.529772253730000102e+02,5.579841404812292405e-01,8.298516126220540912e-01
4.185392986389999805e+02,2.585228804820000050e+02,4.550232138940465965e-01,8.904795757441787973e-01
4.183409360160000006e+02,2.614639334029999986e+02,3.893238996660454698e-01,9.211009180045490741e-01
4.225516134860000079e+02,2.645583427889999939e+02,2.616683453201346099e-01,9.651578508500165965e-01
4.248264128430000142e+02,2.667012609729999895e+02,7.596368978697962127e-02,9.971105845561702985e-01
4.258780269939999812e+02,2.671636405770000238e+02,-1.448627446279054931e-01,9.894517599250962636e-01
4.239482850510000276e+02,2.667601600230000258e+02,-2.378801051104444675e-01,9.712945256680096673e-01
4.299291157819999967e+02,2.678322309110000106e+02,-4.268057995093615387e-01,9.043433029028161707e-01
4.377813467060000221e+02,2.701209170619999895e+02,-6.049581540028018400e-01,7.962572648996819602e-01
4.405420557339999732e+02,2.722577053310000110e+02,-7.458666338011746832e-01,6.660953119352398533e-01
4.373700461849999783e+02,2.722230823670000177e+02,-7.926743789012635766e-01,6.096452485121950371e-01
4.420181688960000201e+02,2.745610104529999944e+02,-8.709967518679619936e-01,4.912887727553520434e-01
4.409858335679999755e+02,2.720892358130000162e+02,-8.851161374415090766e-01,4.653702002069143862e-01
4.427121592589999750e+02,2.714910162969999874e+02,-8.981457726957878807e-01,4.396978178120584668e-01
4.440072269720000122e+02,2.680584818799999880e+02,-9.198961227468274160e-01,3.921621136154714304e-01
4.406175327330000187e+02,2.613113076039999783e+02,-7.252619282377230636e-01,6.884730462762502778e-01
4.492258097089999751e+02,2.621056274649999978e+02,-9.858776670881832516e-01,1.674670879210641283e-01
4.402988365699999918e+02,2.598256236770000100e+02,-7.107197864254740649e-01,7.034752200208110873e-01
4.477362498690000052e+02,2.600872128589999761e+02,-9.658745194226641129e-01,2.590104490750085309e-01
4.388050624360000143e+02,2.551517644289999964e+02,-7.667969380277060987e-01,6.418897536425817174e-01
4.466030203070000084e+02,2.591172026599999754e+02,-9.417626169003854297e-01,3.362784165077173926e-01
4.424153864580000004e+02,2.562161532839999722e+02,-8.641803187860527258e-01,5.031822499083570266e-01
4.433078561510000100e+02,2.561420295890000034e+02,-8.057371541450552010e-01,5.922732801927058643e-01
4.561249332149999987e+02,2.591966298500000221e+02,-9.757624755253754278e-01,2.188323361767885999e-01
4.368844531889999985e+02,2.549731026460000010e+02,-6.871805474279197856e-01,7.264866793249994403e-01
4.485753891499999781e+02,2.561450969310000119e+02,-9.848689663889753643e-01,1.733006608294133111e-01
4.428050108649999856e+02,2.512747784530000104e+02,-6.826675971933006126e-01,7.307290549460350171e-01
4.494906747769999811e+02,2.547769452299999955e+02,-9.045234449686649914e-01,4.264238941499625679e-01
4.451134119010000063e+02,2.501615343459999963e+02,-8.343299472195397914e-01,5.512653981274717729e-01
4.501157979569999839e+02,2.507559669359999930e+02,-8.715828712497828423e-01,4.902482009594573698e-01
4.488871152840000036e+02,2.494337828829999921e+02,-8.322515813213505753e-01,5.543981469919532223e-01
4.499105895629999736e+02,2.484956732079999995e+02,-8.258321753931830989e-01,5.639159672197293638e-01
4.547296495609999738e+02,2.490234755859999893e+02,-9.011652523470489173e-01,4.334757063115298736e-01
4.508742801359999817e+02,2.455268724750000047e+02,-6.981654831370193159e-01,7.159364204704580237e-01
4.584377801109999950e+02,2.510424140970000053e+02,-8.709810651875948828e-01,4.913165823424674450e-01
4.520496535109999741e+02,2.408876705689999937e+02,-5.309867354822549457e-01,8.473801311937269043e-01
4.614826655840000171e+02,2.492716208189999918e+02,-9.207955219120327328e-01,3.900456471065242292e-01
4.596913801630000194e+02,2.426564170540000021e+02,-7.016930550458865268e-01,7.124793726841293084e-01
4.662789964109999801e+02,2.383668057909999902e+02,-9.044142748598299475e-01,4.266553872034993811e-01
4.663616861149999977e+02,2.382426363680000065e+02,-7.640991406923232088e-01,6.450988321127649749e-01
4.713430378379999866e+02,2.358444678429999897e+02,-8.407973807179798253e-01,5.413499465020612522e-01
4.803222795149999911e+02,2.325230894830000068e+02,-9.378680495028473008e-01,3.469921061374807159e-01
4.696916890699999954e+02,2.274395721420000029e+02,-7.105682454097609346e-01,7.036282886690200522e-01
4.765766002330000219e+02,2.302321965810000108e+02,-9.094116101461502399e-01,4.158972509303067167e-01
4.727980753769999751e+02,2.307711320759999865e+02,-6.326213383268559642e-01,7.744612593884458995e-01
4.770810438830000066e+02,2.351631130339999913e+02,-6.693142331984586191e-01,7.429794460400364065e-01
4.722522190089999867e+02,2.269670302629999981e+02,-2.343965764451869660e-01,9.721410622696562420e-01
4.750891582620000122e+02,2.308843003220000014e+02,-2.257492104371675856e-01,9.741854515373320478e-01
4.765240103620000127e+02,2.313805831059999889e+02,-1.944641309413923658e-01,9.809096297708617129e-01
4.755768190350000282e+02,2.318901162269999929e+02,-9.974823385619259464e-02,9.950127083824459318e-01
4.798980992950000086e+02,2.372941994969999939e+02,-1.258803993748164041e-01,9.920454248940603348e-01
4.806103130679999822e+02,2.426438539849999927e+02,-1.411335932445589025e-01,9.899905599842250270e-01
4.815834865589999936e+02,2.401141131660000099e+02,-1.169405252865280409e-01,9.931389195604565234e-01
4.850931029920000128e+02,2.366077777110000113e+02,2.156186499436011650e-01,9.764776483855115430e-01
4.874187506549999966e+02,2.360597883510000088e+02,2.207851035777156357e-01,9.753224789976786546e-01
4.887079427350000174e+02,2.356612939649999987e+02,2.578792247957978900e-01,9.661771604725079010e-01
4.949701143539999748e+02,2.307718409310000141e+02,4.853194092417245642e-01,8.743369322024910906e-01
4.960771553860000154e+02,2.317986265950000018e+02,5.483346433753630844e-01,8.362590022680852497e-01
4.967142343500000266e+02,2.321552787429999967e+02,6.209457717368723761e-01,7.838535249407889705e-01
5.014574414979999801e+02,2.327057013559999916e+02,6.764387860454774692e-01,7.364988586096523626e-01
5.063374193010000113e+02,2.331041146649999973e+02,8.780790108709249919e-01,4.785156744224143277e-01
5.086238904690000027e+02,2.344634056879999946e+02,8.184804751402584566e-01,5.745343434592721232e-01
5.085511505599999964e+02,2.345694045980000055e+02,9.303122302038661084e-01,3.667685296383931259e-01
5.077875575560000243e+02,2.356182580020000046e+02,9.172804393732029160e-01,3.982418806997875538e-01
5.054711988020000035e+02,2.398035866030000136e+02,9.873814310760908874e-01,1.583600630403094733e-01
5.031624527120000039e+02,2.394529449949999957e+02,9.840878514050821479e-01,-1.776825841688740026e-01
5.034366252350000082e+02,2.460676378020000072e+02,9.456875043913621770e-01,-3.250771355202289881e-01
5.036882670059999896e+02,2.507389393859999984e+02,8.518296475238682497e-01,-5.238189110745834487e-01
5.037684923720000256e+02,2.487673216430000025e+02,6.597384234735478303e-01,-7.514953177449861244e-01
5.037922894569999812e+02,2.493301048069999979e+02,6.852952121133458752e-01,-7.282653858687259119e-01
4.982156666579999751e+02,2.586077269250000086e+02,4.596328690564455144e-01,-8.881090167783122213e-01
4.964346944789999725e+02,2.584776220370000033e+02,5.083200239377581031e-01,-8.611682491034589049e-01
4.932480874230000154e+02,2.659231710639999733e+02,4.657017626759893392e-01,-8.849417315509967574e-01
4.932480874230000154e+02,2.659231710639999733e+02,4.657017626763554352e-01,-8.849417315508041337e-01
4.881855950309999912e+02,2.712324209760000144e+02,1.748941428344956139e-01,-9.845872428597615134e-01
4.880181997810000212e+02,2.738652050349999740e+02,4.196413354669348283e-02,-9.991191177710870841e-01
4.890732731549999812e+02,2.744271566630000052e+02,-7.778946549452848969e-02,-9.969698084987707043e-01
4.833863530950000040e+02,2.726607885110000211e+02,-2.161355459256846800e-01,-9.763633677004716072e-01
4.763213233210000226e+02,2.735506709279999882e+02,-3.654401915896287600e-01,-9.308348222810185479e-01
4.755984115829999723e+02,2.747377718390000041e+02,-4.263490452337694303e-01,-9.045587275728719234e-01
4.714946725419999893e+02,2.714172122840000156e+02,-6.100603306412578641e-01,-7.923549665256596208e-01
4.730233648750000270e+02,2.697549663799999848e+02,-8.418597535084685335e-01,-5.396963548354395401e-01
4.711638678150000032e+02,2.660561331530000189e+02,-8.979581390436871535e-01,-4.400808795269322560e-01
4.655200834949999944e+02,2.622051575290000187e+02,-9.677646151352407022e-01,-2.518564068911877674e-01
4.639806285469999807e+02,2.556557689020000055e+02,-9.889341002837835903e-01,-1.483554693831794780e-01
4.604224213719999739e+02,2.553087382020000007e+02,-9.992489445943391058e-01,3.874979647816736983e-02
4.603552037360000213e+02,2.550574307020000049e+02,-9.846681248019393262e-01,1.744381953559266674e-01
4.554729905030000054e+02,2.532717022999999870e+02,-9.068914373017499253e-01,4.213643565238593958e-01
4.521101645329999883e+02,2.525671494700000039e+02,-7.800561403310999342e-01,6.257095315973277838e-01
4.473812547480000035e+02,2.531661043839999934e+02,-6.782652304397733811e-01,7.348171726194762110e-01
